-- 100 个测试用户（密码均为 123456）
INSERT INTO `user` (`phone`, `password`, `nickname`) VALUES
('13800138000', '${PWD_HASH}', '测试用户'),
('13800000002', '$2b$10$FFazAHt3BPFM90IXFHjuM.1858i7omXn9IDf0aDxoxYAbDcr3dlOS', '任建平'),
('13800000003', '$2b$10$FFazAHt3BPFM90IXFHjuM.1858i7omXn9IDf0aDxoxYAbDcr3dlOS', '董军'),
('13800000004', '$2b$10$FFazAHt3BPFM90IXFHjuM.1858i7omXn9IDf0aDxoxYAbDcr3dlOS', '常小红'),
('13800000005', '$2b$10$FFazAHt3BPFM90IXFHjuM.1858i7omXn9IDf0aDxoxYAbDcr3dlOS', '武俊杰'),
('13800000006', '$2b$10$FFazAHt3BPFM90IXFHjuM.1858i7omXn9IDf0aDxoxYAbDcr3dlOS', '贾蕾'),
('13800000007', '$2b$10$FFazAHt3BPFM90IXFHjuM.1858i7omXn9IDf0aDxoxYAbDcr3dlOS', '江雪'),
('13800000008', '$2b$10$FFazAHt3BPFM90IXFHjuM.1858i7omXn9IDf0aDxoxYAbDcr3dlOS', '程宇'),
('13800000009', '$2b$10$FFazAHt3BPFM90IXFHjuM.1858i7omXn9IDf0aDxoxYAbDcr3dlOS', '吴帅'),
('13800000010', '$2b$10$FFazAHt3BPFM90IXFHjuM.1858i7omXn9IDf0aDxoxYAbDcr3dlOS', '尹帅'),
('13800000011', '$2b$10$FFazAHt3BPFM90IXFHjuM.1858i7omXn9IDf0aDxoxYAbDcr3dlOS', '胡浩然'),
('13800000012', '$2b$10$FFazAHt3BPFM90IXFHjuM.1858i7omXn9IDf0aDxoxYAbDcr3dlOS', '宋桂英'),
('13800000013', '$2b$10$FFazAHt3BPFM90IXFHjuM.1858i7omXn9IDf0aDxoxYAbDcr3dlOS', '武飞'),
('13800000014', '$2b$10$FFazAHt3BPFM90IXFHjuM.1858i7omXn9IDf0aDxoxYAbDcr3dlOS', '阎紫萱'),
('13800000015', '$2b$10$FFazAHt3BPFM90IXFHjuM.1858i7omXn9IDf0aDxoxYAbDcr3dlOS', '周芳'),
('13800000016', '$2b$10$FFazAHt3BPFM90IXFHjuM.1858i7omXn9IDf0aDxoxYAbDcr3dlOS', '邓欣怡'),
('13800000017', '$2b$10$FFazAHt3BPFM90IXFHjuM.1858i7omXn9IDf0aDxoxYAbDcr3dlOS', '徐思远'),
('13800000018', '$2b$10$FFazAHt3BPFM90IXFHjuM.1858i7omXn9IDf0aDxoxYAbDcr3dlOS', '罗秀英'),
('13800000019', '$2b$10$FFazAHt3BPFM90IXFHjuM.1858i7omXn9IDf0aDxoxYAbDcr3dlOS', '秦欢'),
('13800000020', '$2b$10$FFazAHt3BPFM90IXFHjuM.1858i7omXn9IDf0aDxoxYAbDcr3dlOS', '赖紫萱'),
('13800000021', '$2b$10$FFazAHt3BPFM90IXFHjuM.1858i7omXn9IDf0aDxoxYAbDcr3dlOS', '高晨'),
('13800000022', '$2b$10$FFazAHt3BPFM90IXFHjuM.1858i7omXn9IDf0aDxoxYAbDcr3dlOS', '廖磊'),
('13800000023', '$2b$10$FFazAHt3BPFM90IXFHjuM.1858i7omXn9IDf0aDxoxYAbDcr3dlOS', '赵文'),
('13800000024', '$2b$10$FFazAHt3BPFM90IXFHjuM.1858i7omXn9IDf0aDxoxYAbDcr3dlOS', '石莉'),
('13800000025', '$2b$10$FFazAHt3BPFM90IXFHjuM.1858i7omXn9IDf0aDxoxYAbDcr3dlOS', '龚杰'),
('13800000026', '$2b$10$FFazAHt3BPFM90IXFHjuM.1858i7omXn9IDf0aDxoxYAbDcr3dlOS', '邹曦'),
('13800000027', '$2b$10$FFazAHt3BPFM90IXFHjuM.1858i7omXn9IDf0aDxoxYAbDcr3dlOS', '曹鹏'),
('13800000028', '$2b$10$FFazAHt3BPFM90IXFHjuM.1858i7omXn9IDf0aDxoxYAbDcr3dlOS', '刘芳'),
('13800000029', '$2b$10$FFazAHt3BPFM90IXFHjuM.1858i7omXn9IDf0aDxoxYAbDcr3dlOS', '白俊杰'),
('13800000030', '$2b$10$FFazAHt3BPFM90IXFHjuM.1858i7omXn9IDf0aDxoxYAbDcr3dlOS', '薛浩然'),
('13800000031', '$2b$10$FFazAHt3BPFM90IXFHjuM.1858i7omXn9IDf0aDxoxYAbDcr3dlOS', '沈秀英'),
('13800000032', '$2b$10$FFazAHt3BPFM90IXFHjuM.1858i7omXn9IDf0aDxoxYAbDcr3dlOS', '邓磊'),
('13800000033', '$2b$10$FFazAHt3BPFM90IXFHjuM.1858i7omXn9IDf0aDxoxYAbDcr3dlOS', '袁莉'),
('13800000034', '$2b$10$FFazAHt3BPFM90IXFHjuM.1858i7omXn9IDf0aDxoxYAbDcr3dlOS', '施晨'),
('13800000035', '$2b$10$FFazAHt3BPFM90IXFHjuM.1858i7omXn9IDf0aDxoxYAbDcr3dlOS', '杨曦'),
('13800000036', '$2b$10$FFazAHt3BPFM90IXFHjuM.1858i7omXn9IDf0aDxoxYAbDcr3dlOS', '尹蕾'),
('13800000037', '$2b$10$FFazAHt3BPFM90IXFHjuM.1858i7omXn9IDf0aDxoxYAbDcr3dlOS', '康诗涵'),
('13800000038', '$2b$10$FFazAHt3BPFM90IXFHjuM.1858i7omXn9IDf0aDxoxYAbDcr3dlOS', '邹华'),
('13800000039', '$2b$10$FFazAHt3BPFM90IXFHjuM.1858i7omXn9IDf0aDxoxYAbDcr3dlOS', '朱浩'),
('13800000040', '$2b$10$FFazAHt3BPFM90IXFHjuM.1858i7omXn9IDf0aDxoxYAbDcr3dlOS', '卢艳'),
('13800000041', '$2b$10$FFazAHt3BPFM90IXFHjuM.1858i7omXn9IDf0aDxoxYAbDcr3dlOS', '洪莉'),
('13800000042', '$2b$10$FFazAHt3BPFM90IXFHjuM.1858i7omXn9IDf0aDxoxYAbDcr3dlOS', '龙涛'),
('13800000043', '$2b$10$FFazAHt3BPFM90IXFHjuM.1858i7omXn9IDf0aDxoxYAbDcr3dlOS', '谢波'),
('13800000044', '$2b$10$FFazAHt3BPFM90IXFHjuM.1858i7omXn9IDf0aDxoxYAbDcr3dlOS', '龚超'),
('13800000045', '$2b$10$FFazAHt3BPFM90IXFHjuM.1858i7omXn9IDf0aDxoxYAbDcr3dlOS', '邓明'),
('13800000046', '$2b$10$FFazAHt3BPFM90IXFHjuM.1858i7omXn9IDf0aDxoxYAbDcr3dlOS', '康欢'),
('13800000047', '$2b$10$FFazAHt3BPFM90IXFHjuM.1858i7omXn9IDf0aDxoxYAbDcr3dlOS', '郭明'),
('13800000048', '$2b$10$FFazAHt3BPFM90IXFHjuM.1858i7omXn9IDf0aDxoxYAbDcr3dlOS', '郝强'),
('13800000049', '$2b$10$FFazAHt3BPFM90IXFHjuM.1858i7omXn9IDf0aDxoxYAbDcr3dlOS', '潘华'),
('13800000050', '$2b$10$FFazAHt3BPFM90IXFHjuM.1858i7omXn9IDf0aDxoxYAbDcr3dlOS', '丁鑫鹏'),
('13800000051', '$2b$10$FFazAHt3BPFM90IXFHjuM.1858i7omXn9IDf0aDxoxYAbDcr3dlOS', '任鑫鹏'),
('13800000052', '$2b$10$FFazAHt3BPFM90IXFHjuM.1858i7omXn9IDf0aDxoxYAbDcr3dlOS', '赵紫萱'),
('13800000053', '$2b$10$FFazAHt3BPFM90IXFHjuM.1858i7omXn9IDf0aDxoxYAbDcr3dlOS', '赵敏'),
('13800000054', '$2b$10$FFazAHt3BPFM90IXFHjuM.1858i7omXn9IDf0aDxoxYAbDcr3dlOS', '郭艺'),
('13800000055', '$2b$10$FFazAHt3BPFM90IXFHjuM.1858i7omXn9IDf0aDxoxYAbDcr3dlOS', '蒋静'),
('13800000056', '$2b$10$FFazAHt3BPFM90IXFHjuM.1858i7omXn9IDf0aDxoxYAbDcr3dlOS', '梁文'),
('13800000057', '$2b$10$FFazAHt3BPFM90IXFHjuM.1858i7omXn9IDf0aDxoxYAbDcr3dlOS', '江宇'),
('13800000058', '$2b$10$FFazAHt3BPFM90IXFHjuM.1858i7omXn9IDf0aDxoxYAbDcr3dlOS', '邹敏'),
('13800000059', '$2b$10$FFazAHt3BPFM90IXFHjuM.1858i7omXn9IDf0aDxoxYAbDcr3dlOS', '叶子涵'),
('13800000060', '$2b$10$FFazAHt3BPFM90IXFHjuM.1858i7omXn9IDf0aDxoxYAbDcr3dlOS', '卢健'),
('13800000061', '$2b$10$FFazAHt3BPFM90IXFHjuM.1858i7omXn9IDf0aDxoxYAbDcr3dlOS', '韩明'),
('13800000062', '$2b$10$FFazAHt3BPFM90IXFHjuM.1858i7omXn9IDf0aDxoxYAbDcr3dlOS', '韦艳'),
('13800000063', '$2b$10$FFazAHt3BPFM90IXFHjuM.1858i7omXn9IDf0aDxoxYAbDcr3dlOS', '何紫萱'),
('13800000064', '$2b$10$FFazAHt3BPFM90IXFHjuM.1858i7omXn9IDf0aDxoxYAbDcr3dlOS', '任鑫'),
('13800000065', '$2b$10$FFazAHt3BPFM90IXFHjuM.1858i7omXn9IDf0aDxoxYAbDcr3dlOS', '高欣怡'),
('13800000066', '$2b$10$FFazAHt3BPFM90IXFHjuM.1858i7omXn9IDf0aDxoxYAbDcr3dlOS', '邱欢'),
('13800000067', '$2b$10$FFazAHt3BPFM90IXFHjuM.1858i7omXn9IDf0aDxoxYAbDcr3dlOS', '蒋艳'),
('13800000068', '$2b$10$FFazAHt3BPFM90IXFHjuM.1858i7omXn9IDf0aDxoxYAbDcr3dlOS', '江静'),
('13800000069', '$2b$10$FFazAHt3BPFM90IXFHjuM.1858i7omXn9IDf0aDxoxYAbDcr3dlOS', '冯欣怡'),
('13800000070', '$2b$10$FFazAHt3BPFM90IXFHjuM.1858i7omXn9IDf0aDxoxYAbDcr3dlOS', '丁玉兰'),
('13800000071', '$2b$10$FFazAHt3BPFM90IXFHjuM.1858i7omXn9IDf0aDxoxYAbDcr3dlOS', '尹璟雯'),
('13800000072', '$2b$10$FFazAHt3BPFM90IXFHjuM.1858i7omXn9IDf0aDxoxYAbDcr3dlOS', '金文'),
('13800000073', '$2b$10$FFazAHt3BPFM90IXFHjuM.1858i7omXn9IDf0aDxoxYAbDcr3dlOS', '吕艺'),
('13800000074', '$2b$10$FFazAHt3BPFM90IXFHjuM.1858i7omXn9IDf0aDxoxYAbDcr3dlOS', '贺俊杰'),
('13800000075', '$2b$10$FFazAHt3BPFM90IXFHjuM.1858i7omXn9IDf0aDxoxYAbDcr3dlOS', '任欣怡'),
('13800000076', '$2b$10$FFazAHt3BPFM90IXFHjuM.1858i7omXn9IDf0aDxoxYAbDcr3dlOS', '高梓涵'),
('13800000077', '$2b$10$FFazAHt3BPFM90IXFHjuM.1858i7omXn9IDf0aDxoxYAbDcr3dlOS', '严晓明'),
('13800000078', '$2b$10$FFazAHt3BPFM90IXFHjuM.1858i7omXn9IDf0aDxoxYAbDcr3dlOS', '周建平'),
('13800000079', '$2b$10$FFazAHt3BPFM90IXFHjuM.1858i7omXn9IDf0aDxoxYAbDcr3dlOS', '孔宇'),
('13800000080', '$2b$10$FFazAHt3BPFM90IXFHjuM.1858i7omXn9IDf0aDxoxYAbDcr3dlOS', '秦军'),
('13800000081', '$2b$10$FFazAHt3BPFM90IXFHjuM.1858i7omXn9IDf0aDxoxYAbDcr3dlOS', '邱欣怡'),
('13800000082', '$2b$10$FFazAHt3BPFM90IXFHjuM.1858i7omXn9IDf0aDxoxYAbDcr3dlOS', '郭梓涵'),
('13800000083', '$2b$10$FFazAHt3BPFM90IXFHjuM.1858i7omXn9IDf0aDxoxYAbDcr3dlOS', '叶明'),
('13800000084', '$2b$10$FFazAHt3BPFM90IXFHjuM.1858i7omXn9IDf0aDxoxYAbDcr3dlOS', '徐杰'),
('13800000085', '$2b$10$FFazAHt3BPFM90IXFHjuM.1858i7omXn9IDf0aDxoxYAbDcr3dlOS', '郑杰'),
('13800000086', '$2b$10$FFazAHt3BPFM90IXFHjuM.1858i7omXn9IDf0aDxoxYAbDcr3dlOS', '熊晨'),
('13800000087', '$2b$10$FFazAHt3BPFM90IXFHjuM.1858i7omXn9IDf0aDxoxYAbDcr3dlOS', '任敏'),
('13800000088', '$2b$10$FFazAHt3BPFM90IXFHjuM.1858i7omXn9IDf0aDxoxYAbDcr3dlOS', '许梦瑶'),
('13800000089', '$2b$10$FFazAHt3BPFM90IXFHjuM.1858i7omXn9IDf0aDxoxYAbDcr3dlOS', '田文'),
('13800000090', '$2b$10$FFazAHt3BPFM90IXFHjuM.1858i7omXn9IDf0aDxoxYAbDcr3dlOS', '蔡梓涵'),
('13800000091', '$2b$10$FFazAHt3BPFM90IXFHjuM.1858i7omXn9IDf0aDxoxYAbDcr3dlOS', '吴秀英'),
('13800000092', '$2b$10$FFazAHt3BPFM90IXFHjuM.1858i7omXn9IDf0aDxoxYAbDcr3dlOS', '顾晨'),
('13800000093', '$2b$10$FFazAHt3BPFM90IXFHjuM.1858i7omXn9IDf0aDxoxYAbDcr3dlOS', '夏桂英'),
('13800000094', '$2b$10$FFazAHt3BPFM90IXFHjuM.1858i7omXn9IDf0aDxoxYAbDcr3dlOS', '贾超'),
('13800000095', '$2b$10$FFazAHt3BPFM90IXFHjuM.1858i7omXn9IDf0aDxoxYAbDcr3dlOS', '金玉兰'),
('13800000096', '$2b$10$FFazAHt3BPFM90IXFHjuM.1858i7omXn9IDf0aDxoxYAbDcr3dlOS', '卢磊'),
('13800000097', '$2b$10$FFazAHt3BPFM90IXFHjuM.1858i7omXn9IDf0aDxoxYAbDcr3dlOS', '李俊杰'),
('13800000098', '$2b$10$FFazAHt3BPFM90IXFHjuM.1858i7omXn9IDf0aDxoxYAbDcr3dlOS', '蔡敏'),
('13800000099', '$2b$10$FFazAHt3BPFM90IXFHjuM.1858i7omXn9IDf0aDxoxYAbDcr3dlOS', '余玉兰'),
('13800000100', '$2b$10$FFazAHt3BPFM90IXFHjuM.1858i7omXn9IDf0aDxoxYAbDcr3dlOS', '蒋思远');

-- 15 场活动（含编号）
INSERT INTO `event` (`event_id`, `title`, `description`, `organizer`, `venue`, `sale_start_time`, `sale_end_time`, `event_start_time`, `event_end_time`, `status`) VALUES
(1, '#1 毕业晚会「青春不散场」', '又是一年毕业季，让我们用一场盛大的晚会告别青春。节目涵盖歌舞、小品、乐队演出，还有神秘嘉宾登场。', '校学生会', '学校大礼堂', '2026-06-20 10:00:00', '2026-07-09 20:00:00', '2026-07-10 19:30:00', '2026-07-10 22:00:00', 1),
(2, '#2 校园歌手大赛总决赛', '12位校园歌手站上总决赛舞台。专业评委团现场打分，大众评审团参与投票。', '校团委 × 音乐协会', '体育馆', '2026-07-01 10:00:00', '2026-07-19 18:00:00', '2026-07-20 18:00:00', '2026-07-20 21:30:00', 0),
(3, '#3 新年联欢晚会', '校艺术团精心筹备的高水准文艺汇演，交响乐、合唱、民族舞、魔术等节目精彩纷呈。', '校艺术团', '音乐厅', '2026-07-15 10:00:00', '2026-07-31 18:00:00', '2026-08-01 19:00:00', '2026-08-01 22:00:00', 0),
(4, '#4 校园戏剧节「仲夏夜之梦」', '戏剧社年度大戏——莎士比亚经典喜剧改编版。古典与现代的碰撞。', '戏剧社', '黑匣子剧场', '2026-07-10 10:00:00', '2026-07-24 20:00:00', '2026-07-25 19:30:00', '2026-07-25 21:00:00', 0),
(5, '#5 校园篮球联赛决赛', '经过一个月激烈角逐，两支最强球队会师决赛。现场DJ、啦啦队表演、中场互动游戏。', '体育部', '综合体育馆', '2026-06-22 09:00:00', '2026-07-05 18:00:00', '2026-07-06 15:00:00', '2026-07-06 18:00:00', 1),
(6, '#6 动漫嘉年华「次元狂欢」', 'Cosplay大赛、同人展、声优见面会、周边集市。二次元爱好者的年度盛宴。', '动漫社', '学生活动中心', '2026-06-25 12:00:00', '2026-07-12 20:00:00', '2026-07-13 10:00:00', '2026-07-13 20:00:00', 1),
(7, '#7 校园美食节', '汇集各地特色小吃，学生食堂大厨+校外知名摊位联袂献艺。现场还有厨艺大赛。', '后勤集团 × 学生会', '操场广场', '2026-06-18 08:00:00', '2026-06-28 20:00:00', '2026-06-29 10:00:00', '2026-06-29 21:00:00', 1),
(8, '#8 摄影大赛作品展', '「校园之美」主题摄影大赛优秀作品展，涵盖风光、人像、纪实等多个组别。', '摄影协会', '图书馆展厅', '2026-07-05 09:00:00', '2026-07-18 17:00:00', '2026-07-20 09:00:00', '2026-07-30 17:00:00', 0),
(9, '#9 校园音乐节「夏日音浪」', '连续 6 小时不间断演出，摇滚、民谣、说唱、电子等多种风格乐队轮番登台。', '音乐协会', '操场主舞台', '2026-07-08 10:00:00', '2026-07-28 20:00:00', '2026-07-30 16:00:00', '2026-07-30 22:00:00', 0),
(10, '#10 辩论赛总决赛', '正方反方围绕「AI是否将取代人类创意工作」展开巅峰对决。特邀校友企业家担任评委。', '辩论队', '学术报告厅', '2026-06-22 10:00:00', '2026-07-02 18:00:00', '2026-07-03 19:00:00', '2026-07-03 21:30:00', 2),
(11, '#11 街舞大赛「舞力全开」', 'Breaking、Popping、Locking、Hip-hop 四大舞种PK。冠军将代表学校参加全国大学生街舞联赛。', '街舞社', '体育馆', '2026-07-12 10:00:00', '2026-08-02 18:00:00', '2026-08-03 18:00:00', '2026-08-03 21:00:00', 0),
(12, '#12 校园马拉松', '5公里欢乐跑+半程马拉松，环绕校园最美路线。完赛即获纪念奖牌。', '体育部 × 跑步协会', '校园环线', '2026-07-01 08:00:00', '2026-07-14 20:00:00', '2026-07-16 07:00:00', '2026-07-16 11:00:00', 0),
(13, '#13 英语演讲比赛', '主题「Change & Challenge」。全校各院系选拔出的12强选手带来精彩英文演讲。', '外国语学院', '国际交流中心', '2026-06-25 09:00:00', '2026-07-08 17:00:00', '2026-07-09 14:00:00', '2026-07-09 17:00:00', 2),
(14, '#14 校园电影节', '展映学生原创短片+经典电影回顾。设置最佳导演、最佳演员等6个奖项，颁奖典礼压轴。', '电影协会', '学术报告厅', '2026-07-20 10:00:00', '2026-08-08 20:00:00', '2026-08-10 13:00:00', '2026-08-10 20:00:00', 0),
(15, '#15 中秋游园会', '赏月、猜灯谜、放河灯、品月饼。汉服体验区+传统手工艺展示+民乐演奏。', '校学生会 × 国学社', '湖畔广场', '2026-09-01 10:00:00', '2026-09-15 18:00:00', '2026-09-15 18:00:00', '2026-09-15 22:00:00', 0);

-- 票档数据
INSERT INTO ticket_category (ticket_id, event_id, name, price, total_quantity, remaining_quantity, description) VALUES
(1, 1, 'VIP区', 288.00, 200, 200, '前排座椅 + 纪念品'),
(2, 1, '标准区', 188.00, 600, 600, '中部区域'),
(3, 1, '看台区', 88.00, 400, 400, '后方看台'),
(4, 2, '前排区', 128.00, 300, 300, '近距离观赛'),
(5, 2, '标准区', 68.00, 1000, 1000, '内场座椅'),
(6, 2, '站票区', 38.00, 700, 700, '后方站立区'),
(7, 3, 'VIP区', 388.00, 100, 100, '前5排+茶歇'),
(8, 3, '优选区', 238.00, 300, 300, '中区'),
(9, 3, '普通区', 128.00, 400, 400, '后区'),
(10, 4, '前排区', 88.00, 100, 100, '近距离观演'),
(11, 4, '标准区', 48.00, 200, 200, '阶梯式座位'),
(12, 5, 'VIP区', 271.00, 253, 253, '前排座椅 + 纪念品'),
(13, 5, '标准区', 184.00, 617, 617, '中部区域'),
(14, 5, '看台区', 134.00, 363, 363, '后方看台'),
(15, 6, 'VIP区', 314.00, 358, 358, '前排座椅 + 纪念品'),
(16, 6, '标准区', 162.00, 853, 853, '中部区域'),
(17, 6, '看台区', 88.00, 664, 664, '后方看台'),
(18, 7, 'VIP区', 289.00, 314, 314, '前排座椅 + 纪念品'),
(19, 7, '标准区', 188.00, 746, 746, '中部区域'),
(20, 7, '看台区', 120.00, 550, 550, '后方看台'),
(21, 8, 'VIP区', 334.00, 442, 442, '前排座椅 + 纪念品'),
(22, 8, '标准区', 231.00, 523, 523, '中部区域'),
(23, 8, '看台区', 59.00, 689, 689, '后方看台'),
(24, 9, 'VIP区', 267.00, 231, 231, '前排座椅 + 纪念品'),
(25, 9, '标准区', 168.00, 815, 815, '中部区域'),
(26, 9, '看台区', 113.00, 610, 610, '后方看台'),
(27, 10, 'VIP区', 276.00, 346, 346, '前排座椅 + 纪念品'),
(28, 10, '标准区', 221.00, 704, 704, '中部区域'),
(29, 10, '看台区', 74.00, 348, 348, '后方看台'),
(30, 11, 'VIP区', 303.00, 207, 207, '前排座椅 + 纪念品'),
(31, 11, '标准区', 207.00, 817, 817, '中部区域'),
(32, 11, '看台区', 75.00, 642, 642, '后方看台'),
(33, 12, 'VIP区', 307.00, 169, 169, '前排座椅 + 纪念品'),
(34, 12, '标准区', 205.00, 826, 826, '中部区域'),
(35, 12, '看台区', 122.00, 462, 462, '后方看台'),
(36, 13, 'VIP区', 303.00, 404, 404, '前排座椅 + 纪念品'),
(37, 13, '标准区', 166.00, 595, 595, '中部区域'),
(38, 13, '看台区', 85.00, 590, 590, '后方看台'),
(39, 14, 'VIP区', 286.00, 443, 443, '前排座椅 + 纪念品'),
(40, 14, '标准区', 176.00, 559, 559, '中部区域'),
(41, 14, '看台区', 78.00, 470, 470, '后方看台'),
(42, 15, 'VIP区', 269.00, 293, 293, '前排座椅 + 纪念品'),
(43, 15, '标准区', 162.00, 765, 765, '中部区域'),
(44, 15, '看台区', 77.00, 368, 368, '后方看台');

-- 200 条随机笔记
INSERT INTO `user_note` (`user_id`, `content`, `create_time`) VALUES
(25, '今天跑了5公里，感觉状态不错', '2026-05-02 08:46:00'),
(66, '分享考研经验：坚持就是胜利', '2026-06-13 16:32:00'),
(6, '今天的篮球赛太精彩了', '2026-04-13 00:17:00'),
(89, '今天天气真好，校园里的樱花开了～', '2026-04-23 08:54:00'),
(19, '实习第一天，紧张又兴奋', '2026-03-16 11:41:00'),
(4, '参加了一个超有意思的讲座，受益匪浅', '2026-05-22 04:57:00'),
(73, '食堂今天的麻辣烫太赞了', '2026-03-10 03:45:00'),
(2, '导师今天夸了我，开心一整天', '2026-04-15 01:15:00'),
(2, '新入手了一台相机，拍照技术有待提高', '2026-03-07 12:35:00'),
(96, '分享考研经验：坚持就是胜利', '2026-06-02 14:58:00'),
(61, '有没有人想一起组队参加数学建模？', '2026-06-13 08:20:00'),
(10, '实验室待到凌晨才回宿舍，科研狗的日常', '2026-06-18 18:13:00'),
(4, '周末打算去爬山，有没有一起的？', '2026-06-14 16:25:00'),
(41, '今天天气真好，校园里的樱花开了～', '2026-03-12 05:19:00'),
(28, '推荐一个学习网站，对编程很有帮助', '2026-05-02 21:35:00'),
(57, '校园网又崩了...', '2026-03-23 16:23:00'),
(94, '有没有人知道学校附近的打印店几点开门？', '2026-06-17 13:56:00'),
(3, '分享考研经验：坚持就是胜利', '2026-04-13 18:31:00'),
(23, '篮球场约球，3缺2，来的私聊', '2026-06-13 23:23:00'),
(100, '有人知道学校心理中心在哪里吗', '2026-03-13 21:36:00'),
(72, '导师今天夸了我，开心一整天', '2026-04-04 09:47:00'),
(86, '校园网又崩了...', '2026-05-04 01:46:00'),
(9, '趁年轻多尝试，别怕失败', '2026-03-17 15:51:00'),
(33, '刚看完一场超棒的电影，推荐给大家！', '2026-04-03 21:46:00'),
(58, '期末考试复习中，加油加油！', '2026-03-23 06:14:00'),
(29, '今天的晚霞特别美，可惜手机拍不出来', '2026-05-22 05:06:00'),
(21, '校园网又崩了...', '2026-05-02 04:55:00'),
(68, '最近在看《三体》，真的太震撼了', '2026-03-05 16:31:00'),
(61, '参加了一个超有意思的讲座，受益匪浅', '2026-03-26 19:37:00'),
(44, '分享一组今天拍的校园风景照', '2026-04-17 22:34:00'),
(12, '周末打算去爬山，有没有一起的？', '2026-06-17 14:20:00'),
(25, '导师今天夸了我，开心一整天', '2026-05-03 09:04:00'),
(63, '刚学了做红烧肉，成品还不错', '2026-06-04 20:06:00'),
(9, '校园里的猫又生了一窝小猫咪', '2026-03-23 06:39:00'),
(96, '周末打算去爬山，有没有一起的？', '2026-06-20 18:57:00'),
(89, '想问下有没有人出二手教材？', '2026-05-01 10:03:00'),
(99, '操场今晚有露天电影诶', '2026-06-11 11:24:00'),
(40, '学校快递站队伍排到门口了', '2026-03-10 21:24:00'),
(85, '求推荐一款好用的笔记软件', '2026-06-04 05:13:00'),
(68, '有人知道学校心理中心在哪里吗', '2026-03-20 13:20:00'),
(80, '新入手了一台相机，拍照技术有待提高', '2026-04-11 17:43:00'),
(55, '健身房新换了一批器材，好评', '2026-06-04 10:38:00'),
(73, '有人一起去图书馆自习吗？', '2026-04-21 22:11:00'),
(13, '有人一起去图书馆自习吗？', '2026-04-02 05:37:00'),
(78, '最近在看《三体》，真的太震撼了', '2026-05-08 10:33:00'),
(82, '终于把论文初稿写完了！', '2026-04-14 16:38:00'),
(83, '最近在看《三体》，真的太震撼了', '2026-03-28 13:17:00'),
(85, '今天跑了5公里，感觉状态不错', '2026-03-16 06:21:00'),
(93, '分享一首最近单曲循环的歌《起风了》', '2026-03-01 20:32:00'),
(85, '有人知道学校心理中心在哪里吗', '2026-05-08 13:53:00'),
(95, '分享一个PPT模板网站，做展示很有用', '2026-06-20 23:40:00'),
(92, '有人一起去图书馆自习吗？', '2026-04-25 06:17:00'),
(16, '新入手了一台相机，拍照技术有待提高', '2026-05-15 18:34:00'),
(4, '校园里的猫又生了一窝小猫咪', '2026-06-06 18:56:00'),
(1, '今天跑了5公里，感觉状态不错', '2026-06-09 04:01:00'),
(64, '导师今天夸了我，开心一整天', '2026-03-16 17:09:00'),
(90, '哪位同学捡到一个蓝色U盘？里面有重要文件', '2026-06-10 10:25:00'),
(33, '实验室待到凌晨才回宿舍，科研狗的日常', '2026-06-15 10:15:00'),
(8, '分享一首最近单曲循环的歌《起风了》', '2026-05-07 01:46:00'),
(50, '篮球场约球，3缺2，来的私聊', '2026-05-20 18:30:00'),
(52, '最近在看《三体》，真的太震撼了', '2026-05-10 00:03:00'),
(28, '深夜食堂泡面配火腿肠，满足', '2026-06-16 13:00:00'),
(80, '参加了一个超有意思的讲座，受益匪浅', '2026-06-09 03:01:00'),
(93, '分享一首最近单曲循环的歌《起风了》', '2026-03-13 12:33:00'),
(86, '新入手了一台相机，拍照技术有待提高', '2026-06-11 12:44:00'),
(83, '周末约了朋友去吃火锅，期待～', '2026-06-15 17:49:00'),
(77, '有人知道学校心理中心在哪里吗', '2026-06-14 02:32:00'),
(44, '有人一起去图书馆自习吗？', '2026-05-01 23:35:00'),
(22, '求推荐一款好用的笔记软件', '2026-03-01 22:59:00'),
(6, '终于把论文初稿写完了！', '2026-04-15 22:46:00'),
(69, '学校快递站队伍排到门口了', '2026-05-27 05:46:00'),
(53, '新入手了一台相机，拍照技术有待提高', '2026-06-19 18:44:00'),
(91, '推荐一个学习网站，对编程很有帮助', '2026-06-06 09:42:00'),
(45, '学校游泳馆人太多了，得早点去', '2026-05-11 07:21:00'),
(77, '想问下有没有人出二手教材？', '2026-04-09 07:16:00'),
(60, '今天天气真好，校园里的樱花开了～', '2026-05-12 16:06:00'),
(74, '健身房新换了一批器材，好评', '2026-04-23 02:17:00'),
(50, '新入手了一台相机，拍照技术有待提高', '2026-04-27 00:03:00'),
(81, '周末约了朋友去吃火锅，期待～', '2026-03-22 20:00:00'),
(8, '今天的篮球赛太精彩了', '2026-04-24 14:46:00'),
(38, '今天的篮球赛太精彩了', '2026-06-20 22:37:00'),
(65, '实验室待到凌晨才回宿舍，科研狗的日常', '2026-06-08 14:40:00'),
(73, '趁年轻多尝试，别怕失败', '2026-06-06 14:02:00'),
(17, '刚看完一场超棒的电影，推荐给大家！', '2026-05-14 16:17:00'),
(50, '期末考试复习中，加油加油！', '2026-06-09 04:07:00'),
(39, '今天的篮球赛太精彩了', '2026-04-21 08:03:00'),
(85, '学校游泳馆人太多了，得早点去', '2026-04-22 08:11:00'),
(15, '有没有人知道学校附近的打印店几点开门？', '2026-06-05 11:04:00'),
(85, '实习第一天，紧张又兴奋', '2026-04-19 06:26:00'),
(77, '趁年轻多尝试，别怕失败', '2026-05-22 11:40:00'),
(79, '深夜食堂泡面配火腿肠，满足', '2026-03-13 10:00:00'),
(95, '分享一个PPT模板网站，做展示很有用', '2026-05-14 04:12:00'),
(26, '新入手了一台相机，拍照技术有待提高', '2026-03-08 15:55:00'),
(70, '分享一首最近单曲循环的歌《起风了》', '2026-04-23 13:56:00'),
(87, '最近在看《三体》，真的太震撼了', '2026-04-08 03:25:00'),
(73, '参加了一个超有意思的讲座，受益匪浅', '2026-05-16 18:32:00'),
(40, '新入手了一台相机，拍照技术有待提高', '2026-06-12 17:28:00'),
(66, '有人知道学校心理中心在哪里吗', '2026-04-04 10:02:00'),
(96, '下周要交课程设计了，肝起来', '2026-04-10 21:37:00'),
(52, '趁年轻多尝试，别怕失败', '2026-05-13 22:05:00'),
(25, '学校游泳馆人太多了，得早点去', '2026-05-14 17:51:00'),
(11, '学校游泳馆人太多了，得早点去', '2026-06-18 12:48:00'),
(17, '分享考研经验：坚持就是胜利', '2026-03-24 13:22:00'),
(83, '周末约了朋友去吃火锅，期待～', '2026-05-01 01:31:00'),
(67, '周末约了朋友去吃火锅，期待～', '2026-03-22 17:03:00'),
(1, '买了一盆多肉放在宿舍窗台', '2026-05-12 21:21:00'),
(68, '学校快递站队伍排到门口了', '2026-05-23 02:13:00'),
(46, '今天跑了5公里，感觉状态不错', '2026-06-11 09:35:00'),
(52, '今天的晚霞特别美，可惜手机拍不出来', '2026-04-04 23:35:00'),
(1, '刚学了做红烧肉，成品还不错', '2026-05-19 07:43:00'),
(10, '今天天气真好，校园里的樱花开了～', '2026-03-24 01:04:00'),
(29, '食堂今天的麻辣烫太赞了', '2026-04-18 07:55:00'),
(24, '参加了一个超有意思的讲座，受益匪浅', '2026-04-04 12:27:00'),
(30, '导师今天夸了我，开心一整天', '2026-04-26 02:36:00'),
(69, '实习第一天，紧张又兴奋', '2026-04-12 01:09:00'),
(13, '推荐一个学习网站，对编程很有帮助', '2026-05-04 18:36:00'),
(52, '有没有人知道学校附近的打印店几点开门？', '2026-06-11 04:49:00'),
(14, '分享一组今天拍的校园风景照', '2026-03-19 06:08:00'),
(86, '周末打算去爬山，有没有一起的？', '2026-05-27 20:24:00'),
(6, '分享考研经验：坚持就是胜利', '2026-03-13 08:22:00'),
(9, '有没有人知道学校附近的打印店几点开门？', '2026-06-21 01:40:00'),
(92, '刚看完一场超棒的电影，推荐给大家！', '2026-05-03 23:59:00'),
(68, '有人知道学校心理中心在哪里吗', '2026-06-07 07:16:00'),
(52, '校园网又崩了...', '2026-03-25 22:53:00'),
(1, '买了一盆多肉放在宿舍窗台', '2026-05-17 04:45:00'),
(34, '校园里的猫又生了一窝小猫咪', '2026-04-27 19:38:00'),
(100, '篮球场约球，3缺2，来的私聊', '2026-04-14 12:29:00'),
(9, '哪位同学捡到一个蓝色U盘？里面有重要文件', '2026-04-07 20:08:00'),
(86, '食堂今天的麻辣烫太赞了', '2026-06-19 02:04:00'),
(27, '实验室待到凌晨才回宿舍，科研狗的日常', '2026-04-12 14:01:00'),
(55, '深夜食堂泡面配火腿肠，满足', '2026-06-01 01:45:00'),
(28, '刚看完一场超棒的电影，推荐给大家！', '2026-05-03 23:07:00'),
(51, '深夜食堂泡面配火腿肠，满足', '2026-05-08 11:52:00'),
(88, '有没有人想一起组队参加数学建模？', '2026-06-05 06:56:00'),
(23, '终于把论文初稿写完了！', '2026-06-13 19:10:00'),
(94, '求推荐一款好用的笔记软件', '2026-06-15 03:52:00'),
(94, '有人知道学校心理中心在哪里吗', '2026-04-15 14:13:00'),
(34, '推荐一个学习网站，对编程很有帮助', '2026-04-07 14:10:00'),
(22, '实验室待到凌晨才回宿舍，科研狗的日常', '2026-05-10 07:16:00'),
(62, '今天的晚霞特别美，可惜手机拍不出来', '2026-04-07 12:11:00'),
(10, '分享考研经验：坚持就是胜利', '2026-05-08 01:34:00'),
(51, '分享考研经验：坚持就是胜利', '2026-06-05 04:31:00'),
(79, '今天天气真好，校园里的樱花开了～', '2026-05-15 02:03:00'),
(36, '健身房新换了一批器材，好评', '2026-04-04 12:56:00'),
(47, '深夜食堂泡面配火腿肠，满足', '2026-06-11 07:07:00'),
(94, '哪位同学捡到一个蓝色U盘？里面有重要文件', '2026-05-13 18:25:00'),
(46, '刚学了做红烧肉，成品还不错', '2026-03-23 14:54:00'),
(43, '今天的晚霞特别美，可惜手机拍不出来', '2026-05-05 10:55:00'),
(28, '参加了一个超有意思的讲座，受益匪浅', '2026-04-03 11:16:00'),
(31, '最近在看《三体》，真的太震撼了', '2026-06-08 09:39:00'),
(27, '分享一个PPT模板网站，做展示很有用', '2026-06-21 18:06:00'),
(23, '分享一组今天拍的校园风景照', '2026-05-10 21:18:00'),
(44, '新入手了一台相机，拍照技术有待提高', '2026-04-24 11:56:00'),
(12, '终于把论文初稿写完了！', '2026-04-01 03:46:00'),
(25, '操场今晚有露天电影诶', '2026-05-15 21:32:00'),
(66, '今天的篮球赛太精彩了', '2026-06-20 03:22:00'),
(29, '分享考研经验：坚持就是胜利', '2026-04-25 11:01:00'),
(20, '周末打算去爬山，有没有一起的？', '2026-04-09 04:01:00'),
(63, '分享考研经验：坚持就是胜利', '2026-04-21 09:58:00'),
(100, '食堂今天的麻辣烫太赞了', '2026-06-12 18:52:00'),
(16, '导师今天夸了我，开心一整天', '2026-03-12 17:08:00'),
(48, '分享一组今天拍的校园风景照', '2026-05-26 15:33:00'),
(74, '实习第一天，紧张又兴奋', '2026-05-10 00:33:00'),
(16, '健身房新换了一批器材，好评', '2026-03-28 02:40:00'),
(48, '最近在看《三体》，真的太震撼了', '2026-05-02 08:48:00'),
(40, '分享一个PPT模板网站，做展示很有用', '2026-06-01 00:03:00'),
(88, '刚学了做红烧肉，成品还不错', '2026-03-03 15:49:00'),
(73, '刚学了做红烧肉，成品还不错', '2026-05-22 18:10:00'),
(44, '有人知道学校心理中心在哪里吗', '2026-03-05 06:00:00'),
(64, '趁年轻多尝试，别怕失败', '2026-05-20 15:27:00'),
(44, '买了一盆多肉放在宿舍窗台', '2026-05-26 20:03:00'),
(71, '健身房新换了一批器材，好评', '2026-03-11 03:26:00'),
(82, '趁年轻多尝试，别怕失败', '2026-05-04 06:13:00'),
(2, '分享一组今天拍的校园风景照', '2026-04-04 11:28:00'),
(80, '趁年轻多尝试，别怕失败', '2026-06-04 08:08:00'),
(28, '有人知道学校心理中心在哪里吗', '2026-03-23 07:01:00'),
(55, '食堂今天的麻辣烫太赞了', '2026-05-27 14:27:00'),
(83, '篮球场约球，3缺2，来的私聊', '2026-03-27 07:54:00'),
(38, '有没有人想一起组队参加数学建模？', '2026-05-04 14:01:00'),
(16, '今天跑了5公里，感觉状态不错', '2026-05-24 22:54:00'),
(20, '食堂今天的麻辣烫太赞了', '2026-03-05 04:58:00'),
(81, '最近在看《三体》，真的太震撼了', '2026-04-25 15:24:00'),
(97, '实习第一天，紧张又兴奋', '2026-03-12 05:15:00'),
(58, '有人一起去图书馆自习吗？', '2026-06-05 02:26:00'),
(52, '想问下有没有人出二手教材？', '2026-05-21 06:00:00'),
(1, '哪位同学捡到一个蓝色U盘？里面有重要文件', '2026-05-19 13:52:00'),
(40, '分享考研经验：坚持就是胜利', '2026-04-15 19:31:00'),
(49, '终于把论文初稿写完了！', '2026-05-05 23:52:00'),
(95, '刚学了做红烧肉，成品还不错', '2026-05-14 18:51:00'),
(14, '实习第一天，紧张又兴奋', '2026-05-19 03:22:00'),
(95, '健身房新换了一批器材，好评', '2026-06-17 04:33:00'),
(72, '周末打算去爬山，有没有一起的？', '2026-04-12 12:50:00'),
(86, '操场今晚有露天电影诶', '2026-03-23 07:05:00'),
(14, '实习第一天，紧张又兴奋', '2026-06-17 21:18:00'),
(47, '分享一首最近单曲循环的歌《起风了》', '2026-05-05 15:12:00'),
(66, '周末打算去爬山，有没有一起的？', '2026-05-13 21:16:00'),
(23, '健身房新换了一批器材，好评', '2026-05-01 13:11:00'),
(84, '新入手了一台相机，拍照技术有待提高', '2026-04-24 10:50:00'),
(67, '下周要交课程设计了，肝起来', '2026-04-25 02:24:00'),
(64, '健身房新换了一批器材，好评', '2026-03-04 17:47:00');

-- 随机关注关系
INSERT INTO `user_follow` (`follower_id`, `user_id`) VALUES
(85, 7),
(99, 81),
(28, 65),
(25, 16),
(31, 76),
(86, 15),
(91, 5),
(94, 60),
(78, 47),
(60, 19),
(50, 26),
(91, 52),
(34, 80),
(59, 7),
(28, 1),
(83, 55),
(70, 11),
(22, 59),
(42, 98),
(79, 20),
(49, 28),
(42, 74),
(5, 76),
(69, 89),
(47, 10),
(67, 11),
(80, 16),
(40, 39),
(12, 19),
(5, 46),
(84, 36),
(46, 38),
(100, 66),
(43, 92),
(64, 72),
(24, 22),
(54, 66),
(55, 75),
(59, 14),
(65, 88),
(98, 59),
(4, 78),
(59, 86),
(90, 17),
(80, 46),
(74, 82),
(46, 30),
(100, 23),
(72, 32),
(52, 2),
(65, 96),
(29, 13),
(14, 22),
(20, 28),
(26, 81),
(49, 88),
(84, 70),
(2, 45),
(47, 58),
(33, 21),
(77, 85),
(82, 7),
(51, 33),
(58, 28),
(5, 18),
(92, 38),
(91, 7),
(49, 5),
(81, 27),
(54, 16),
(89, 96),
(12, 86),
(54, 22),
(89, 46),
(51, 22),
(61, 39),
(44, 39),
(18, 64),
(80, 100),
(44, 7),
(42, 6),
(97, 69),
(51, 79),
(78, 18),
(42, 90),
(26, 33),
(100, 67),
(93, 37),
(77, 45),
(39, 82),
(34, 37),
(34, 9),
(56, 63),
(60, 44),
(41, 23),
(10, 11),
(85, 90),
(90, 78),
(4, 40),
(90, 62),
(63, 78),
(73, 34),
(39, 11),
(32, 88),
(94, 80),
(19, 4),
(15, 26),
(60, 7),
(64, 35),
(25, 34),
(8, 66),
(42, 23),
(44, 90),
(77, 100),
(62, 54),
(58, 74),
(94, 63),
(88, 64),
(50, 1),
(50, 48),
(99, 52),
(55, 57),
(59, 58),
(2, 32),
(54, 71),
(42, 60),
(46, 16),
(23, 97),
(32, 77),
(26, 43),
(12, 66),
(33, 78),
(79, 66),
(40, 44),
(57, 61),
(71, 8),
(44, 71),
(35, 99),
(100, 29),
(56, 27),
(3, 33),
(65, 60),
(79, 11),
(41, 74),
(7, 43),
(16, 62),
(28, 17),
(98, 70),
(56, 12),
(82, 58),
(32, 22),
(31, 32),
(21, 86),
(51, 71),
(7, 32),
(68, 55),
(12, 25),
(25, 36),
(90, 35),
(5, 71),
(14, 56),
(48, 86),
(30, 98),
(40, 100),
(82, 8),
(59, 88),
(72, 92),
(42, 78),
(75, 68),
(10, 89),
(36, 16),
(27, 44),
(58, 54),
(83, 59),
(21, 81),
(19, 29),
(61, 93),
(2, 30),
(21, 58),
(48, 68),
(52, 31),
(11, 42),
(38, 41),
(11, 21),
(77, 13),
(61, 85),
(35, 92),
(77, 74),
(37, 19),
(25, 59),
(74, 68),
(10, 83),
(8, 81),
(66, 90),
(61, 94),
(46, 78),
(71, 54),
(76, 20),
(39, 41),
(92, 100),
(63, 46),
(37, 91),
(83, 77),
(59, 66),
(47, 74),
(13, 9),
(68, 46),
(16, 35),
(84, 44),
(17, 15),
(86, 94),
(34, 81),
(68, 79),
(69, 71),
(15, 97),
(43, 78),
(54, 17),
(73, 49),
(90, 79),
(34, 96),
(6, 3),
(77, 38),
(49, 1),
(38, 27),
(43, 15),
(11, 80),
(70, 57),
(79, 8),
(100, 96),
(82, 41),
(84, 97),
(50, 22),
(34, 43),
(95, 56),
(81, 68),
(92, 61),
(4, 33),
(82, 15),
(1, 81),
(54, 41),
(35, 82),
(96, 74),
(85, 54),
(34, 33),
(35, 76),
(35, 100),
(68, 65),
(23, 4),
(75, 83),
(53, 67),
(83, 66),
(72, 74),
(11, 34),
(99, 48),
(51, 2),
(15, 78),
(48, 25),
(14, 89),
(55, 71),
(40, 62),
(10, 54),
(35, 20),
(59, 23),
(60, 41),
(62, 19),
(7, 68),
(61, 17),
(76, 66),
(24, 91),
(3, 7),
(100, 9),
(46, 66),
(15, 2),
(1, 80),
(27, 63),
(5, 92),
(66, 54),
(74, 76),
(94, 40),
(9, 68),
(8, 67),
(31, 33),
(15, 70),
(69, 88),
(55, 34),
(24, 53),
(52, 14),
(10, 37),
(70, 56),
(92, 60),
(12, 32),
(68, 12),
(37, 80),
(91, 58),
(89, 6),
(87, 23),
(41, 18),
(51, 1),
(64, 80);

-- 随机点赞数据
INSERT INTO `note_like` (`note_id`, `user_id`) VALUES
(173, 51),
(75, 59),
(177, 85),
(55, 2),
(167, 33),
(7, 60),
(153, 89),
(95, 100),
(13, 37),
(183, 30),
(151, 34),
(197, 75),
(137, 61),
(70, 29),
(140, 46),
(104, 78),
(158, 92),
(95, 43),
(21, 39),
(191, 1),
(70, 23),
(15, 66),
(184, 64),
(186, 69),
(133, 87),
(32, 65),
(150, 95),
(114, 81),
(149, 77),
(154, 69),
(174, 73),
(88, 46),
(160, 93),
(39, 62),
(37, 23),
(184, 68),
(139, 100),
(80, 88),
(172, 31),
(64, 88),
(42, 66),
(72, 93),
(111, 78),
(170, 15),
(68, 32),
(181, 17),
(63, 38),
(117, 98),
(86, 34),
(147, 59),
(154, 9),
(198, 98),
(171, 68),
(13, 38),
(75, 81),
(26, 13),
(50, 71),
(71, 34),
(168, 32),
(164, 21),
(12, 60),
(6, 61),
(163, 21),
(200, 90),
(162, 58),
(121, 71),
(7, 57),
(149, 51),
(55, 37),
(133, 27),
(34, 36),
(135, 100),
(93, 71),
(191, 56),
(155, 64),
(137, 51),
(141, 69),
(13, 40),
(6, 55),
(66, 68),
(82, 47),
(86, 53),
(1, 88),
(80, 36),
(175, 4),
(61, 11),
(199, 77),
(143, 22),
(19, 22),
(67, 80),
(169, 55),
(181, 47),
(161, 99),
(161, 44),
(47, 87),
(108, 65),
(158, 76),
(38, 81),
(87, 86),
(80, 80),
(68, 53),
(166, 45),
(53, 24),
(156, 4),
(85, 84),
(2, 69),
(189, 57),
(191, 31),
(104, 25),
(88, 79),
(182, 19),
(126, 48),
(99, 55),
(69, 42),
(65, 51),
(122, 49),
(40, 93),
(132, 57),
(153, 88),
(67, 3),
(173, 44),
(119, 82),
(36, 60),
(164, 3),
(106, 67),
(146, 62),
(90, 77),
(68, 10),
(60, 4),
(171, 97),
(52, 69),
(36, 66),
(125, 42),
(121, 76),
(114, 2),
(127, 83),
(71, 81),
(50, 45),
(179, 31),
(184, 78),
(97, 41),
(19, 42),
(162, 10),
(8, 79),
(77, 84),
(100, 92),
(72, 13),
(78, 66),
(117, 11),
(8, 92),
(101, 52),
(97, 1),
(1, 8),
(140, 78),
(23, 77),
(112, 42),
(105, 67),
(31, 88),
(180, 87),
(123, 89),
(43, 98),
(134, 25),
(15, 53),
(43, 22),
(86, 10),
(132, 86),
(119, 36),
(7, 4),
(194, 81),
(4, 97),
(70, 11),
(78, 76),
(71, 1),
(68, 17),
(81, 59),
(124, 23),
(58, 58),
(99, 70),
(166, 58),
(134, 55),
(167, 12),
(108, 43),
(83, 9),
(98, 82),
(180, 100),
(103, 75),
(15, 65),
(178, 95),
(20, 43),
(189, 88),
(90, 33),
(162, 81),
(65, 38),
(199, 68),
(121, 85),
(198, 31),
(38, 25),
(13, 10),
(25, 28),
(24, 50),
(200, 100),
(193, 39),
(68, 76),
(151, 85),
(87, 81),
(39, 47),
(49, 89),
(128, 57),
(59, 14),
(26, 27),
(108, 32),
(191, 30),
(121, 46),
(74, 49),
(149, 90),
(144, 59),
(22, 88),
(46, 71),
(82, 98),
(188, 100),
(143, 93),
(44, 96),
(122, 61),
(164, 99),
(51, 100),
(30, 47),
(48, 76),
(158, 3),
(92, 10),
(81, 8),
(29, 79),
(157, 79),
(112, 98),
(138, 81),
(134, 14),
(54, 8),
(54, 88),
(28, 86),
(14, 44),
(171, 46),
(173, 30),
(118, 91),
(173, 2),
(21, 38),
(183, 63),
(130, 78),
(127, 78),
(182, 31),
(113, 12),
(167, 100),
(111, 26),
(157, 92),
(89, 49),
(121, 50),
(183, 100),
(150, 64),
(112, 35),
(94, 53),
(70, 87),
(50, 34),
(172, 81),
(72, 40),
(196, 35),
(89, 63),
(17, 90),
(134, 60),
(68, 99),
(112, 61),
(108, 75),
(44, 94),
(162, 72),
(120, 23),
(93, 79),
(68, 50),
(28, 43),
(87, 78),
(176, 29),
(48, 79),
(148, 47),
(19, 23),
(106, 98),
(115, 16),
(43, 92),
(9, 25),
(104, 74),
(45, 80),
(5, 98),
(90, 93),
(97, 88),
(196, 10),
(146, 29),
(169, 90),
(71, 11),
(113, 11),
(25, 80),
(191, 20),
(54, 37),
(191, 17),
(143, 39),
(193, 27),
(87, 96),
(76, 1),
(104, 71),
(129, 49),
(26, 21),
(79, 48),
(91, 76),
(30, 4),
(46, 27),
(104, 17),
(22, 54),
(200, 47),
(99, 27),
(117, 49),
(199, 28),
(112, 90),
(199, 17),
(139, 44),
(185, 29),
(153, 20),
(14, 80),
(139, 28),
(12, 29),
(20, 28),
(115, 31),
(66, 18),
(102, 16),
(9, 73),
(172, 47),
(88, 36),
(126, 83),
(119, 83),
(199, 65),
(73, 88),
(68, 55),
(83, 67),
(156, 47),
(54, 7),
(47, 44),
(38, 67),
(31, 48),
(96, 38),
(43, 25),
(129, 9),
(106, 63),
(93, 87),
(141, 15),
(38, 12),
(156, 81),
(79, 30),
(27, 92),
(83, 36),
(145, 96),
(135, 57),
(133, 32),
(16, 99),
(134, 11),
(138, 5),
(138, 36),
(88, 4),
(43, 61),
(131, 33),
(63, 84),
(161, 8),
(140, 23),
(141, 60),
(53, 94),
(185, 8),
(93, 81),
(120, 24),
(112, 92),
(152, 10),
(188, 99),
(84, 11),
(25, 35),
(65, 25),
(135, 95),
(130, 45),
(120, 6),
(28, 23),
(186, 11),
(124, 9),
(131, 2),
(168, 73),
(133, 86),
(62, 38),
(170, 28),
(1, 34),
(92, 31),
(194, 50),
(77, 45),
(132, 54),
(192, 36),
(161, 18),
(24, 95),
(183, 82),
(4, 70),
(53, 83),
(159, 83),
(20, 80),
(80, 31),
(7, 93),
(177, 98),
(93, 53),
(194, 82),
(26, 37),
(195, 43),
(160, 15),
(133, 90),
(86, 44),
(85, 72),
(198, 95),
(67, 97),
(13, 100),
(84, 4),
(84, 44),
(116, 21),
(147, 7),
(127, 34),
(145, 28),
(13, 12),
(145, 78),
(109, 81),
(87, 84),
(4, 23),
(117, 88),
(191, 84),
(24, 92),
(14, 37),
(135, 99),
(186, 88),
(157, 65),
(146, 85),
(28, 64),
(69, 41),
(189, 81),
(38, 59),
(18, 46),
(59, 100),
(22, 45),
(33, 1),
(105, 100),
(53, 25),
(25, 89),
(108, 95),
(15, 26),
(75, 64),
(174, 25),
(46, 39),
(143, 16),
(93, 41),
(87, 40),
(26, 23),
(48, 57),
(130, 92),
(124, 3),
(159, 41),
(23, 30),
(7, 36),
(83, 98),
(11, 70),
(97, 30),
(188, 8),
(196, 95),
(179, 45),
(38, 79),
(129, 60),
(114, 29),
(187, 55),
(158, 46),
(133, 99),
(104, 37),
(140, 51),
(41, 56),
(192, 44),
(2, 41),
(96, 69),
(200, 42),
(85, 2),
(17, 42),
(108, 38),
(31, 22),
(137, 88),
(109, 17),
(175, 30),
(66, 84),
(35, 63),
(109, 12),
(31, 63),
(116, 62),
(87, 70);