-- ============================================================
-- 校园活动票务系统 - 数据库初始化脚本 v3.0
-- 数据库：school_ticket (utf8mb4)
-- 含 100 用户 / 15 活动 / 44 票档 / 200 笔记 / 关注+点赞
-- 测试账号：13800138000 / 123456
-- ============================================================

-- CREATE DATABASE IF NOT EXISTS school_ticket
--   DEFAULT CHARACTER SET utf8mb4
--   DEFAULT COLLATE utf8mb4_general_ci;
-- USE school_ticket;

-- ============================================================
-- 清理旧表（先删子表再删父表，避免外键错误）
-- ============================================================
DROP TABLE IF EXISTS `note_like`;
DROP TABLE IF EXISTS `user_follow`;
DROP TABLE IF EXISTS `order`;
DROP TABLE IF EXISTS `ticket_category`;
DROP TABLE IF EXISTS `user_note`;
DROP TABLE IF EXISTS `event`;
DROP TABLE IF EXISTS `user`;

-- ============================================================
-- 用户表
-- ============================================================
CREATE TABLE `user` (
  `user_id`      BIGINT       NOT NULL AUTO_INCREMENT COMMENT '用户ID',
  `phone`        VARCHAR(20)  NOT NULL                COMMENT '手机号（登录账号）',
  `password`     VARCHAR(255) NOT NULL                COMMENT '密码（BCrypt加密）',
  `nickname`     VARCHAR(50)  DEFAULT ''              COMMENT '昵称',
  `create_time`  DATETIME     NOT NULL DEFAULT CURRENT_TIMESTAMP COMMENT '创建时间',
  `update_time`  DATETIME     NOT NULL DEFAULT CURRENT_TIMESTAMP ON UPDATE CURRENT_TIMESTAMP COMMENT '更新时间',
  PRIMARY KEY (`user_id`),
  UNIQUE KEY `uk_phone` (`phone`)
) ENGINE=InnoDB DEFAULT CHARSET=utf8mb4 COMMENT='用户表';

-- ============================================================
-- 活动表
-- ============================================================
CREATE TABLE `event` (
  `event_id`        BIGINT       NOT NULL AUTO_INCREMENT COMMENT '活动ID',
  `title`           VARCHAR(100) NOT NULL                COMMENT '活动标题',
  `description`     TEXT                                 COMMENT '活动描述',
  `organizer`       VARCHAR(100) NOT NULL                COMMENT '主办方',
  `venue`           VARCHAR(100) NOT NULL                COMMENT '场地',
  `poster_url`      VARCHAR(255)                         COMMENT '海报URL',
  `sale_start_time` DATETIME     NOT NULL                COMMENT '开售时间',
  `sale_end_time`   DATETIME     NOT NULL                COMMENT '停售时间',
  `event_start_time` DATETIME    NOT NULL                COMMENT '活动开始时间',
  `event_end_time`  DATETIME     NOT NULL                COMMENT '活动结束时间',
  `status`          TINYINT      NOT NULL DEFAULT 0      COMMENT '0=未发布 1=售票中 2=已结束 3=已下架',
  `create_time`     DATETIME     NOT NULL DEFAULT CURRENT_TIMESTAMP,
  `update_time`     DATETIME     NOT NULL DEFAULT CURRENT_TIMESTAMP ON UPDATE CURRENT_TIMESTAMP,
  PRIMARY KEY (`event_id`),
  KEY `idx_status` (`status`),
  KEY `idx_sale_time` (`sale_start_time`, `sale_end_time`)
) ENGINE=InnoDB DEFAULT CHARSET=utf8mb4 COMMENT='活动表';

-- ============================================================
-- 票档表
-- ============================================================
CREATE TABLE `ticket_category` (
  `ticket_id`          BIGINT        NOT NULL AUTO_INCREMENT COMMENT '票类ID',
  `event_id`           BIGINT        NOT NULL                COMMENT '所属活动',
  `name`               VARCHAR(50)   NOT NULL                COMMENT '票档名',
  `price`              DECIMAL(10,2) NOT NULL                COMMENT '单价',
  `total_quantity`     INT           NOT NULL                COMMENT '总库存',
  `remaining_quantity` INT           NOT NULL                COMMENT '剩余可售数',
  `description`        VARCHAR(255)                          COMMENT '票档说明',
  `create_time`        DATETIME      NOT NULL DEFAULT CURRENT_TIMESTAMP,
  `update_time`        DATETIME      NOT NULL DEFAULT CURRENT_TIMESTAMP ON UPDATE CURRENT_TIMESTAMP,
  PRIMARY KEY (`ticket_id`),
  KEY `idx_event_id` (`event_id`),
  CONSTRAINT `fk_ticket_event` FOREIGN KEY (`event_id`) REFERENCES `event` (`event_id`)
) ENGINE=InnoDB DEFAULT CHARSET=utf8mb4 COMMENT='票档表';

-- ============================================================
-- 订单表
-- ============================================================
CREATE TABLE `order` (
  `id`            BIGINT        NOT NULL AUTO_INCREMENT COMMENT '自增主键',
  `order_no`      VARCHAR(64)   NOT NULL                COMMENT '订单号（业务唯一标识）',
  `user_id`       BIGINT        NOT NULL                COMMENT '用户ID',
  `ticket_id`     BIGINT        NOT NULL                COMMENT '票档ID',
  `quantity`      INT           NOT NULL DEFAULT 1      COMMENT '购买张数',
  `total_price`   DECIMAL(10,2) NOT NULL                COMMENT '总价',
  `status`        TINYINT       NOT NULL DEFAULT 0      COMMENT '0=待支付 1=已支付 2=已取消 3=已退款 4=已核销',
  `expire_time`   DATETIME      NOT NULL                COMMENT '支付截止时间',
  `create_time`   DATETIME      NOT NULL DEFAULT CURRENT_TIMESTAMP COMMENT '下单时间',
  `paid_time`     DATETIME                               COMMENT '支付时间',
  `cancel_time`   DATETIME                               COMMENT '取消时间',
  `refund_time`   DATETIME                               COMMENT '退款时间',
  `use_time`      DATETIME                               COMMENT '核销时间',
  `update_time`   DATETIME      NOT NULL DEFAULT CURRENT_TIMESTAMP ON UPDATE CURRENT_TIMESTAMP,
  PRIMARY KEY (`id`),
  UNIQUE KEY `uk_order_no` (`order_no`),
  KEY `idx_user_status` (`user_id`, `status`),
  CONSTRAINT `fk_order_user` FOREIGN KEY (`user_id`) REFERENCES `user` (`user_id`),
  CONSTRAINT `fk_order_ticket` FOREIGN KEY (`ticket_id`) REFERENCES `ticket_category` (`ticket_id`)
) ENGINE=InnoDB DEFAULT CHARSET=utf8mb4 COMMENT='订单表';

-- ============================================================
-- 关注关系表
-- ============================================================
CREATE TABLE `user_follow` (
  `id`           BIGINT   NOT NULL AUTO_INCREMENT COMMENT '自增ID',
  `follower_id`  BIGINT   NOT NULL               COMMENT '关注者用户ID',
  `followee_id`  BIGINT   NOT NULL               COMMENT '被关注者用户ID',
  `create_time`  DATETIME NOT NULL DEFAULT CURRENT_TIMESTAMP COMMENT '关注时间',
  PRIMARY KEY (`id`),
  UNIQUE KEY `uk_follow` (`follower_id`, `followee_id`),
  KEY `idx_follower` (`follower_id`),
  KEY `idx_followee` (`followee_id`),
  CONSTRAINT `fk_follow_follower` FOREIGN KEY (`follower_id`) REFERENCES `user` (`user_id`),
  CONSTRAINT `fk_follow_followee` FOREIGN KEY (`followee_id`) REFERENCES `user` (`user_id`)
) ENGINE=InnoDB DEFAULT CHARSET=utf8mb4 COMMENT='用户关注关系表';

-- ============================================================
-- 用户笔记表
-- ============================================================
CREATE TABLE `user_note` (
  `note_id`     BIGINT       NOT NULL AUTO_INCREMENT COMMENT '笔记ID',
  `user_id`     BIGINT       NOT NULL               COMMENT '作者用户ID',
  `content`     VARCHAR(500) NOT NULL               COMMENT '笔记内容',
  `create_time` DATETIME     NOT NULL DEFAULT CURRENT_TIMESTAMP COMMENT '创建时间',
  PRIMARY KEY (`note_id`),
  KEY `idx_user_id` (`user_id`),
  CONSTRAINT `fk_note_user` FOREIGN KEY (`user_id`) REFERENCES `user` (`user_id`)
) ENGINE=InnoDB DEFAULT CHARSET=utf8mb4 COMMENT='用户笔记表';

-- ============================================================
-- 笔记点赞表
-- ============================================================
CREATE TABLE `note_like` (
  `id`          BIGINT   NOT NULL AUTO_INCREMENT COMMENT '自增ID',
  `note_id`     BIGINT   NOT NULL               COMMENT '笔记ID',
  `user_id`     BIGINT   NOT NULL               COMMENT '点赞用户ID',
  `create_time` DATETIME NOT NULL DEFAULT CURRENT_TIMESTAMP COMMENT '点赞时间',
  PRIMARY KEY (`id`),
  UNIQUE KEY `uk_note_user` (`note_id`, `user_id`),
  KEY `idx_note_id` (`note_id`),
  CONSTRAINT `fk_like_note` FOREIGN KEY (`note_id`) REFERENCES `user_note` (`note_id`),
  CONSTRAINT `fk_like_user` FOREIGN KEY (`user_id`) REFERENCES `user` (`user_id`)
) ENGINE=InnoDB DEFAULT CHARSET=utf8mb4 COMMENT='笔记点赞表';
-- 100 个测试用户（密码均为 123456）
INSERT INTO `user` (`phone`, `password`, `nickname`) VALUES
('13800138000', '${PWD_HASH}', '测试用户'),
('13800000002', '$2b$10$FFazAHt3BPFM90IXFHjuM.1858i7omXn9IDf0aDxoxYAbDcr3dlOS', '常婷婷'),
('13800000003', '$2b$10$FFazAHt3BPFM90IXFHjuM.1858i7omXn9IDf0aDxoxYAbDcr3dlOS', '洪帅'),
('13800000004', '$2b$10$FFazAHt3BPFM90IXFHjuM.1858i7omXn9IDf0aDxoxYAbDcr3dlOS', '熊欣怡'),
('13800000005', '$2b$10$FFazAHt3BPFM90IXFHjuM.1858i7omXn9IDf0aDxoxYAbDcr3dlOS', '杨军'),
('13800000006', '$2b$10$FFazAHt3BPFM90IXFHjuM.1858i7omXn9IDf0aDxoxYAbDcr3dlOS', '丁博文'),
('13800000007', '$2b$10$FFazAHt3BPFM90IXFHjuM.1858i7omXn9IDf0aDxoxYAbDcr3dlOS', '常小红'),
('13800000008', '$2b$10$FFazAHt3BPFM90IXFHjuM.1858i7omXn9IDf0aDxoxYAbDcr3dlOS', '吴浩然'),
('13800000009', '$2b$10$FFazAHt3BPFM90IXFHjuM.1858i7omXn9IDf0aDxoxYAbDcr3dlOS', '马文'),
('13800000010', '$2b$10$FFazAHt3BPFM90IXFHjuM.1858i7omXn9IDf0aDxoxYAbDcr3dlOS', '史玉兰'),
('13800000011', '$2b$10$FFazAHt3BPFM90IXFHjuM.1858i7omXn9IDf0aDxoxYAbDcr3dlOS', '胡梓涵'),
('13800000012', '$2b$10$FFazAHt3BPFM90IXFHjuM.1858i7omXn9IDf0aDxoxYAbDcr3dlOS', '孔梓涵'),
('13800000013', '$2b$10$FFazAHt3BPFM90IXFHjuM.1858i7omXn9IDf0aDxoxYAbDcr3dlOS', '洪刚'),
('13800000014', '$2b$10$FFazAHt3BPFM90IXFHjuM.1858i7omXn9IDf0aDxoxYAbDcr3dlOS', '沈伟'),
('13800000015', '$2b$10$FFazAHt3BPFM90IXFHjuM.1858i7omXn9IDf0aDxoxYAbDcr3dlOS', '高雨桐'),
('13800000016', '$2b$10$FFazAHt3BPFM90IXFHjuM.1858i7omXn9IDf0aDxoxYAbDcr3dlOS', '白浩然'),
('13800000017', '$2b$10$FFazAHt3BPFM90IXFHjuM.1858i7omXn9IDf0aDxoxYAbDcr3dlOS', '孔晓明'),
('13800000018', '$2b$10$FFazAHt3BPFM90IXFHjuM.1858i7omXn9IDf0aDxoxYAbDcr3dlOS', '卢俊杰'),
('13800000019', '$2b$10$FFazAHt3BPFM90IXFHjuM.1858i7omXn9IDf0aDxoxYAbDcr3dlOS', '常博文'),
('13800000020', '$2b$10$FFazAHt3BPFM90IXFHjuM.1858i7omXn9IDf0aDxoxYAbDcr3dlOS', '孙帅'),
('13800000021', '$2b$10$FFazAHt3BPFM90IXFHjuM.1858i7omXn9IDf0aDxoxYAbDcr3dlOS', '冯建国'),
('13800000022', '$2b$10$FFazAHt3BPFM90IXFHjuM.1858i7omXn9IDf0aDxoxYAbDcr3dlOS', '姚飞'),
('13800000023', '$2b$10$FFazAHt3BPFM90IXFHjuM.1858i7omXn9IDf0aDxoxYAbDcr3dlOS', '赵杰'),
('13800000024', '$2b$10$FFazAHt3BPFM90IXFHjuM.1858i7omXn9IDf0aDxoxYAbDcr3dlOS', '董鑫鹏'),
('13800000025', '$2b$10$FFazAHt3BPFM90IXFHjuM.1858i7omXn9IDf0aDxoxYAbDcr3dlOS', '吴慧'),
('13800000026', '$2b$10$FFazAHt3BPFM90IXFHjuM.1858i7omXn9IDf0aDxoxYAbDcr3dlOS', '邓鹏'),
('13800000027', '$2b$10$FFazAHt3BPFM90IXFHjuM.1858i7omXn9IDf0aDxoxYAbDcr3dlOS', '贾娜'),
('13800000028', '$2b$10$FFazAHt3BPFM90IXFHjuM.1858i7omXn9IDf0aDxoxYAbDcr3dlOS', '赵鑫'),
('13800000029', '$2b$10$FFazAHt3BPFM90IXFHjuM.1858i7omXn9IDf0aDxoxYAbDcr3dlOS', '潘桂英'),
('13800000030', '$2b$10$FFazAHt3BPFM90IXFHjuM.1858i7omXn9IDf0aDxoxYAbDcr3dlOS', '郑欢'),
('13800000031', '$2b$10$FFazAHt3BPFM90IXFHjuM.1858i7omXn9IDf0aDxoxYAbDcr3dlOS', '陆鹏'),
('13800000032', '$2b$10$FFazAHt3BPFM90IXFHjuM.1858i7omXn9IDf0aDxoxYAbDcr3dlOS', '胡宇'),
('13800000033', '$2b$10$FFazAHt3BPFM90IXFHjuM.1858i7omXn9IDf0aDxoxYAbDcr3dlOS', '金超'),
('13800000034', '$2b$10$FFazAHt3BPFM90IXFHjuM.1858i7omXn9IDf0aDxoxYAbDcr3dlOS', '蔡鹏'),
('13800000035', '$2b$10$FFazAHt3BPFM90IXFHjuM.1858i7omXn9IDf0aDxoxYAbDcr3dlOS', '韩雨桐'),
('13800000036', '$2b$10$FFazAHt3BPFM90IXFHjuM.1858i7omXn9IDf0aDxoxYAbDcr3dlOS', '陈一诺'),
('13800000037', '$2b$10$FFazAHt3BPFM90IXFHjuM.1858i7omXn9IDf0aDxoxYAbDcr3dlOS', '赵俊杰'),
('13800000038', '$2b$10$FFazAHt3BPFM90IXFHjuM.1858i7omXn9IDf0aDxoxYAbDcr3dlOS', '邵欣怡'),
('13800000039', '$2b$10$FFazAHt3BPFM90IXFHjuM.1858i7omXn9IDf0aDxoxYAbDcr3dlOS', '苏文'),
('13800000040', '$2b$10$FFazAHt3BPFM90IXFHjuM.1858i7omXn9IDf0aDxoxYAbDcr3dlOS', '马鑫鹏'),
('13800000041', '$2b$10$FFazAHt3BPFM90IXFHjuM.1858i7omXn9IDf0aDxoxYAbDcr3dlOS', '施紫萱'),
('13800000042', '$2b$10$FFazAHt3BPFM90IXFHjuM.1858i7omXn9IDf0aDxoxYAbDcr3dlOS', '胡鑫'),
('13800000043', '$2b$10$FFazAHt3BPFM90IXFHjuM.1858i7omXn9IDf0aDxoxYAbDcr3dlOS', '傅浩'),
('13800000044', '$2b$10$FFazAHt3BPFM90IXFHjuM.1858i7omXn9IDf0aDxoxYAbDcr3dlOS', '龚欣怡'),
('13800000045', '$2b$10$FFazAHt3BPFM90IXFHjuM.1858i7omXn9IDf0aDxoxYAbDcr3dlOS', '彭紫萱'),
('13800000046', '$2b$10$FFazAHt3BPFM90IXFHjuM.1858i7omXn9IDf0aDxoxYAbDcr3dlOS', '尹鹏'),
('13800000047', '$2b$10$FFazAHt3BPFM90IXFHjuM.1858i7omXn9IDf0aDxoxYAbDcr3dlOS', '曹静'),
('13800000048', '$2b$10$FFazAHt3BPFM90IXFHjuM.1858i7omXn9IDf0aDxoxYAbDcr3dlOS', '袁璟雯'),
('13800000049', '$2b$10$FFazAHt3BPFM90IXFHjuM.1858i7omXn9IDf0aDxoxYAbDcr3dlOS', '牛军'),
('13800000050', '$2b$10$FFazAHt3BPFM90IXFHjuM.1858i7omXn9IDf0aDxoxYAbDcr3dlOS', '蒋静'),
('13800000051', '$2b$10$FFazAHt3BPFM90IXFHjuM.1858i7omXn9IDf0aDxoxYAbDcr3dlOS', '任梓涵'),
('13800000052', '$2b$10$FFazAHt3BPFM90IXFHjuM.1858i7omXn9IDf0aDxoxYAbDcr3dlOS', '丁磊'),
('13800000053', '$2b$10$FFazAHt3BPFM90IXFHjuM.1858i7omXn9IDf0aDxoxYAbDcr3dlOS', '孟博文'),
('13800000054', '$2b$10$FFazAHt3BPFM90IXFHjuM.1858i7omXn9IDf0aDxoxYAbDcr3dlOS', '傅丽'),
('13800000055', '$2b$10$FFazAHt3BPFM90IXFHjuM.1858i7omXn9IDf0aDxoxYAbDcr3dlOS', '梁若溪'),
('13800000056', '$2b$10$FFazAHt3BPFM90IXFHjuM.1858i7omXn9IDf0aDxoxYAbDcr3dlOS', '尹飞'),
('13800000057', '$2b$10$FFazAHt3BPFM90IXFHjuM.1858i7omXn9IDf0aDxoxYAbDcr3dlOS', '史鹏'),
('13800000058', '$2b$10$FFazAHt3BPFM90IXFHjuM.1858i7omXn9IDf0aDxoxYAbDcr3dlOS', '萧波'),
('13800000059', '$2b$10$FFazAHt3BPFM90IXFHjuM.1858i7omXn9IDf0aDxoxYAbDcr3dlOS', '朱强'),
('13800000060', '$2b$10$FFazAHt3BPFM90IXFHjuM.1858i7omXn9IDf0aDxoxYAbDcr3dlOS', '范小红'),
('13800000061', '$2b$10$FFazAHt3BPFM90IXFHjuM.1858i7omXn9IDf0aDxoxYAbDcr3dlOS', '赖建平'),
('13800000062', '$2b$10$FFazAHt3BPFM90IXFHjuM.1858i7omXn9IDf0aDxoxYAbDcr3dlOS', '赖洋'),
('13800000063', '$2b$10$FFazAHt3BPFM90IXFHjuM.1858i7omXn9IDf0aDxoxYAbDcr3dlOS', '石博文'),
('13800000064', '$2b$10$FFazAHt3BPFM90IXFHjuM.1858i7omXn9IDf0aDxoxYAbDcr3dlOS', '牛紫萱'),
('13800000065', '$2b$10$FFazAHt3BPFM90IXFHjuM.1858i7omXn9IDf0aDxoxYAbDcr3dlOS', '阎伟'),
('13800000066', '$2b$10$FFazAHt3BPFM90IXFHjuM.1858i7omXn9IDf0aDxoxYAbDcr3dlOS', '江芳'),
('13800000067', '$2b$10$FFazAHt3BPFM90IXFHjuM.1858i7omXn9IDf0aDxoxYAbDcr3dlOS', '许雪'),
('13800000068', '$2b$10$FFazAHt3BPFM90IXFHjuM.1858i7omXn9IDf0aDxoxYAbDcr3dlOS', '韩勇'),
('13800000069', '$2b$10$FFazAHt3BPFM90IXFHjuM.1858i7omXn9IDf0aDxoxYAbDcr3dlOS', '贾鑫'),
('13800000070', '$2b$10$FFazAHt3BPFM90IXFHjuM.1858i7omXn9IDf0aDxoxYAbDcr3dlOS', '袁欣怡'),
('13800000071', '$2b$10$FFazAHt3BPFM90IXFHjuM.1858i7omXn9IDf0aDxoxYAbDcr3dlOS', '沈宇'),
('13800000072', '$2b$10$FFazAHt3BPFM90IXFHjuM.1858i7omXn9IDf0aDxoxYAbDcr3dlOS', '吴欣怡'),
('13800000073', '$2b$10$FFazAHt3BPFM90IXFHjuM.1858i7omXn9IDf0aDxoxYAbDcr3dlOS', '段浩然'),
('13800000074', '$2b$10$FFazAHt3BPFM90IXFHjuM.1858i7omXn9IDf0aDxoxYAbDcr3dlOS', '姜文'),
('13800000075', '$2b$10$FFazAHt3BPFM90IXFHjuM.1858i7omXn9IDf0aDxoxYAbDcr3dlOS', '谭艺'),
('13800000076', '$2b$10$FFazAHt3BPFM90IXFHjuM.1858i7omXn9IDf0aDxoxYAbDcr3dlOS', '贺鑫鹏'),
('13800000077', '$2b$10$FFazAHt3BPFM90IXFHjuM.1858i7omXn9IDf0aDxoxYAbDcr3dlOS', '毛华'),
('13800000078', '$2b$10$FFazAHt3BPFM90IXFHjuM.1858i7omXn9IDf0aDxoxYAbDcr3dlOS', '胡芳'),
('13800000079', '$2b$10$FFazAHt3BPFM90IXFHjuM.1858i7omXn9IDf0aDxoxYAbDcr3dlOS', '施健'),
('13800000080', '$2b$10$FFazAHt3BPFM90IXFHjuM.1858i7omXn9IDf0aDxoxYAbDcr3dlOS', '赵梓涵'),
('13800000081', '$2b$10$FFazAHt3BPFM90IXFHjuM.1858i7omXn9IDf0aDxoxYAbDcr3dlOS', '龙蕾'),
('13800000082', '$2b$10$FFazAHt3BPFM90IXFHjuM.1858i7omXn9IDf0aDxoxYAbDcr3dlOS', '吕建平'),
('13800000083', '$2b$10$FFazAHt3BPFM90IXFHjuM.1858i7omXn9IDf0aDxoxYAbDcr3dlOS', '唐丽'),
('13800000084', '$2b$10$FFazAHt3BPFM90IXFHjuM.1858i7omXn9IDf0aDxoxYAbDcr3dlOS', '段杰'),
('13800000085', '$2b$10$FFazAHt3BPFM90IXFHjuM.1858i7omXn9IDf0aDxoxYAbDcr3dlOS', '潘敏'),
('13800000086', '$2b$10$FFazAHt3BPFM90IXFHjuM.1858i7omXn9IDf0aDxoxYAbDcr3dlOS', '段若溪'),
('13800000087', '$2b$10$FFazAHt3BPFM90IXFHjuM.1858i7omXn9IDf0aDxoxYAbDcr3dlOS', '叶秀英'),
('13800000088', '$2b$10$FFazAHt3BPFM90IXFHjuM.1858i7omXn9IDf0aDxoxYAbDcr3dlOS', '牛小红'),
('13800000089', '$2b$10$FFazAHt3BPFM90IXFHjuM.1858i7omXn9IDf0aDxoxYAbDcr3dlOS', '孟晓明'),
('13800000090', '$2b$10$FFazAHt3BPFM90IXFHjuM.1858i7omXn9IDf0aDxoxYAbDcr3dlOS', '梁紫萱'),
('13800000091', '$2b$10$FFazAHt3BPFM90IXFHjuM.1858i7omXn9IDf0aDxoxYAbDcr3dlOS', '贺思远'),
('13800000092', '$2b$10$FFazAHt3BPFM90IXFHjuM.1858i7omXn9IDf0aDxoxYAbDcr3dlOS', '梁浩'),
('13800000093', '$2b$10$FFazAHt3BPFM90IXFHjuM.1858i7omXn9IDf0aDxoxYAbDcr3dlOS', '郝伟'),
('13800000094', '$2b$10$FFazAHt3BPFM90IXFHjuM.1858i7omXn9IDf0aDxoxYAbDcr3dlOS', '韩若溪'),
('13800000095', '$2b$10$FFazAHt3BPFM90IXFHjuM.1858i7omXn9IDf0aDxoxYAbDcr3dlOS', '杨超'),
('13800000096', '$2b$10$FFazAHt3BPFM90IXFHjuM.1858i7omXn9IDf0aDxoxYAbDcr3dlOS', '林璟雯'),
('13800000097', '$2b$10$FFazAHt3BPFM90IXFHjuM.1858i7omXn9IDf0aDxoxYAbDcr3dlOS', '黄玉兰'),
('13800000098', '$2b$10$FFazAHt3BPFM90IXFHjuM.1858i7omXn9IDf0aDxoxYAbDcr3dlOS', '陆宇'),
('13800000099', '$2b$10$FFazAHt3BPFM90IXFHjuM.1858i7omXn9IDf0aDxoxYAbDcr3dlOS', '程晨'),
('13800000100', '$2b$10$FFazAHt3BPFM90IXFHjuM.1858i7omXn9IDf0aDxoxYAbDcr3dlOS', '洪鹏');

-- 15 场活动（含编号）
INSERT INTO `event` (`event_id`, `title`, `description`, `organizer`, `venue`, `sale_start_time`, `sale_end_time`, `event_start_time`, `event_end_time`, `status`) VALUES
(1, '#1 毕业晚会「青春不散场」', '又是一年毕业季，让我们用一场盛大的晚会告别青春。节目涵盖歌舞、小品、乐队演出，还有神秘嘉宾登场。', '校学生会', '学校大礼堂', '2026-06-20 10:00:00', '2026-07-09 20:00:00', '2026-07-10 19:30:00', '2026-07-10 22:00:00', 1),
(2, '#2 校园歌手大赛总决赛', '12位校园歌手站上总决赛舞台。专业评委团现场打分，大众评审团参与投票。', '校团委 × 音乐协会', '体育馆', '2026-07-01 10:00:00', '2026-07-19 18:00:00', '2026-07-20 18:00:00', '2026-07-20 21:30:00', 0),
(3, '#3 新年联欢晚会', '校艺术团精心筹备的高水准文艺汇演，交响乐、合唱、民族舞、魔术等节目精彩纷呈。', '校艺术团', '音乐厅', '2026-07-15 10:00:00', '2026-07-31 18:00:00', '2026-08-01 19:00:00', '2026-08-01 22:00:00', 0),
(4, '#4 校园戏剧节「仲夏夜之梦」', '戏剧社年度大戏——莎士比亚经典喜剧改编版。古典与现代的碰撞。', '戏剧社', '黑匣子剧场', '2026-07-10 10:00:00', '2026-07-24 20:00:00', '2026-07-25 19:30:00', '2026-07-25 21:00:00', 0),
(5, '#5 校园篮球联赛决赛', '经过一个月激烈角逐，两支最强球队会师决赛。现场DJ、啦啦队表演、中场互动游戏。', '体育部', '综合体育馆', '2026-06-22 09:00:00', '2026-07-05 18:00:00', '2026-07-06 15:00:00', '2026-07-06 18:00:00', 1),
(6, '#6 动漫嘉年华「次元狂欢」', 'Cosplay大赛、同人展、声优见面会、周边集市。二次元爱好者的年度盛宴。', '动漫社', '学生活动中心', '2026-06-25 12:00:00', '2026-07-12 20:00:00', '2026-07-13 10:00:00', '2026-07-13 20:00:00', 1),
(7, '#7 校园美食节', '汇集各地特色小吃，学生食堂大厨+校外知名摊位联袂献艺。现场还有厨艺大赛。', '后勤集团 × 学生会', '操场广场', '2026-06-18 08:00:00', '2026-06-28 20:00:00', '2026-06-29 10:00:00', '2026-06-29 21:00:00', 1),
(8, '#8 摄影大赛作品展', '「校园之美」主题摄影大赛优秀作品展，涵盖风光、人像、纪实等多个组别。', '摄影协会', '图书馆展厅', '2026-07-05 09:00:00', '2026-07-18 17:00:00', '2026-07-20 09:00:00', '2026-07-30 17:00:00', 0),
(9, '#9 校园音乐节「夏日音浪」', '连续 6 小时不间断演出，摇滚、民谣、说唱、电子等多种风格乐队轮番登台。', '音乐协会', '操场主舞台', '2026-07-08 10:00:00', '2026-07-28 20:00:00', '2026-07-30 16:00:00', '2026-07-30 22:00:00', 0),
(10, '#10 辩论赛总决赛', '正方反方围绕「AI是否将取代人类创意工作」展开巅峰对决。特邀校友企业家担任评委。', '辩论队', '学术报告厅', '2026-06-22 10:00:00', '2026-07-02 18:00:00', '2026-07-03 19:00:00', '2026-07-03 21:30:00', 2),
(11, '#11 街舞大赛「舞力全开」', 'Breaking、Popping、Locking、Hip-hop 四大舞种PK。冠军将代表学校参加全国大学生街舞联赛。', '街舞社', '体育馆', '2026-07-12 10:00:00', '2026-08-02 18:00:00', '2026-08-03 18:00:00', '2026-08-03 21:00:00', 0),
(12, '#12 校园马拉松', '5公里欢乐跑+半程马拉松，环绕校园最美路线。完赛即获纪念奖牌。', '体育部 × 跑步协会', '校园环线', '2026-07-01 08:00:00', '2026-07-14 20:00:00', '2026-07-16 07:00:00', '2026-07-16 11:00:00', 0),
(13, '#13 英语演讲比赛', '主题「Change & Challenge」。全校各院系选拔出的12强选手带来精彩英文演讲。', '外国语学院', '国际交流中心', '2026-06-25 09:00:00', '2026-07-08 17:00:00', '2026-07-09 14:00:00', '2026-07-09 17:00:00', 2),
(14, '#14 校园电影节', '展映学生原创短片+经典电影回顾。设置最佳导演、最佳演员等6个奖项，颁奖典礼压轴。', '电影协会', '学术报告厅', '2026-07-20 10:00:00', '2026-08-08 20:00:00', '2026-08-10 13:00:00', '2026-08-10 20:00:00', 0),
(15, '#15 中秋游园会', '赏月、猜灯谜、放河灯、品月饼。汉服体验区+传统手工艺展示+民乐演奏。', '校学生会 × 国学社', '湖畔广场', '2026-09-01 10:00:00', '2026-09-15 18:00:00', '2026-09-15 18:00:00', '2026-09-15 22:00:00', 0);

-- 票档数据
INSERT INTO ticket_category (ticket_id, event_id, name, price, total_quantity, remaining_quantity, description) VALUES
(1, 1, 'VIP区', 288.00, 200, 200, '前排座椅 + 纪念品'),
(2, 1, '标准区', 188.00, 600, 600, '中部区域'),
(3, 1, '看台区', 88.00, 400, 400, '后方看台'),
(4, 2, '前排区', 128.00, 300, 300, '近距离观赛'),
(5, 2, '标准区', 68.00, 1000, 1000, '内场座椅'),
(6, 2, '站票区', 38.00, 700, 700, '后方站立区'),
(7, 3, 'VIP区', 388.00, 100, 100, '前5排+茶歇'),
(8, 3, '优选区', 238.00, 300, 300, '中区'),
(9, 3, '普通区', 128.00, 400, 400, '后区'),
(10, 4, '前排区', 88.00, 100, 100, '近距离观演'),
(11, 4, '标准区', 48.00, 200, 200, '阶梯式座位'),
(12, 5, 'VIP区', 315.00, 464, 464, '前排座椅 + 纪念品'),
(13, 5, '标准区', 238.00, 670, 670, '中部区域'),
(14, 5, '看台区', 62.00, 346, 346, '后方看台'),
(15, 6, 'VIP区', 300.00, 191, 191, '前排座椅 + 纪念品'),
(16, 6, '标准区', 207.00, 699, 699, '中部区域'),
(17, 6, '看台区', 102.00, 493, 493, '后方看台'),
(18, 7, 'VIP区', 322.00, 494, 494, '前排座椅 + 纪念品'),
(19, 7, '标准区', 230.00, 832, 832, '中部区域'),
(20, 7, '看台区', 128.00, 305, 305, '后方看台'),
(21, 8, 'VIP区', 301.00, 473, 473, '前排座椅 + 纪念品'),
(22, 8, '标准区', 161.00, 639, 639, '中部区域'),
(23, 8, '看台区', 76.00, 637, 637, '后方看台'),
(24, 9, 'VIP区', 328.00, 401, 401, '前排座椅 + 纪念品'),
(25, 9, '标准区', 198.00, 663, 663, '中部区域'),
(26, 9, '看台区', 73.00, 470, 470, '后方看台'),
(27, 10, 'VIP区', 264.00, 112, 112, '前排座椅 + 纪念品'),
(28, 10, '标准区', 186.00, 744, 744, '中部区域'),
(29, 10, '看台区', 108.00, 673, 673, '后方看台'),
(30, 11, 'VIP区', 277.00, 165, 165, '前排座椅 + 纪念品'),
(31, 11, '标准区', 206.00, 747, 747, '中部区域'),
(32, 11, '看台区', 81.00, 330, 330, '后方看台'),
(33, 12, 'VIP区', 307.00, 298, 298, '前排座椅 + 纪念品'),
(34, 12, '标准区', 219.00, 806, 806, '中部区域'),
(35, 12, '看台区', 82.00, 624, 624, '后方看台'),
(36, 13, 'VIP区', 264.00, 173, 173, '前排座椅 + 纪念品'),
(37, 13, '标准区', 195.00, 722, 722, '中部区域'),
(38, 13, '看台区', 105.00, 390, 390, '后方看台'),
(39, 14, 'VIP区', 271.00, 418, 418, '前排座椅 + 纪念品'),
(40, 14, '标准区', 181.00, 807, 807, '中部区域'),
(41, 14, '看台区', 82.00, 560, 560, '后方看台'),
(42, 15, 'VIP区', 268.00, 270, 270, '前排座椅 + 纪念品'),
(43, 15, '标准区', 237.00, 647, 647, '中部区域'),
(44, 15, '看台区', 99.00, 405, 405, '后方看台');

-- 200 条随机笔记
INSERT INTO `user_note` (`user_id`, `content`, `create_time`) VALUES
(14, '导师今天夸了我，开心一整天', '2026-05-03 11:02:00'),
(39, '今天跑了5公里，感觉状态不错', '2026-05-27 05:19:00'),
(72, '终于把论文初稿写完了！', '2026-05-05 17:17:00'),
(41, '最近在看《三体》，真的太震撼了', '2026-06-04 21:04:00'),
(91, '周末打算去爬山，有没有一起的？', '2026-06-26 01:11:00'),
(68, '参加了一个超有意思的讲座，受益匪浅', '2026-06-23 07:25:00'),
(85, '实习第一天，紧张又兴奋', '2026-05-26 04:10:00'),
(89, '实习第一天，紧张又兴奋', '2026-06-25 14:54:00'),
(87, '有人知道学校心理中心在哪里吗', '2026-06-04 16:13:00'),
(52, '刚学了做红烧肉，成品还不错', '2026-05-14 21:52:00'),
(6, '分享一首最近单曲循环的歌《起风了》', '2026-07-11 03:07:00'),
(90, '有没有人想一起组队参加数学建模？', '2026-07-09 13:22:00'),
(3, '终于把论文初稿写完了！', '2026-07-15 15:29:00'),
(62, '有没有人想一起组队参加数学建模？', '2026-05-03 19:13:00'),
(1, '哪位同学捡到一个蓝色U盘？里面有重要文件', '2026-05-07 22:37:00'),
(63, '分享一个PPT模板网站，做展示很有用', '2026-07-07 14:11:00'),
(46, '深夜食堂泡面配火腿肠，满足', '2026-06-22 00:42:00'),
(95, '期末考试复习中，加油加油！', '2026-06-25 20:45:00'),
(69, '终于把论文初稿写完了！', '2026-07-24 04:13:00'),
(18, '分享考研经验：坚持就是胜利', '2026-07-12 09:50:00'),
(50, '期末考试复习中，加油加油！', '2026-06-10 08:29:00'),
(3, '分享一首最近单曲循环的歌《起风了》', '2026-05-02 02:15:00'),
(38, '有人知道学校心理中心在哪里吗', '2026-07-08 11:41:00'),
(68, '导师今天夸了我，开心一整天', '2026-07-25 06:37:00'),
(48, '有没有人知道学校附近的打印店几点开门？', '2026-05-04 12:43:00'),
(34, '新入手了一台相机，拍照技术有待提高', '2026-06-10 19:32:00'),
(30, '操场今晚有露天电影诶', '2026-05-05 19:32:00'),
(19, '今天的篮球赛太精彩了', '2026-07-09 21:18:00'),
(1, '分享一首最近单曲循环的歌《起风了》', '2026-05-13 22:39:00'),
(97, '想问下有没有人出二手教材？', '2026-07-18 15:20:00'),
(73, '买了一盆多肉放在宿舍窗台', '2026-07-16 06:51:00'),
(80, '想问下有没有人出二手教材？', '2026-06-13 11:09:00'),
(65, '周末约了朋友去吃火锅，期待～', '2026-05-14 21:09:00'),
(14, '今天的晚霞特别美，可惜手机拍不出来', '2026-05-15 22:15:00'),
(78, '分享一个PPT模板网站，做展示很有用', '2026-05-01 06:01:00'),
(22, '有人知道学校心理中心在哪里吗', '2026-06-15 15:20:00'),
(40, '分享考研经验：坚持就是胜利', '2026-06-28 04:40:00'),
(14, '导师今天夸了我，开心一整天', '2026-05-07 10:39:00'),
(45, '学校游泳馆人太多了，得早点去', '2026-05-12 01:46:00'),
(3, '有没有人知道学校附近的打印店几点开门？', '2026-07-15 11:23:00'),
(33, '周末打算去爬山，有没有一起的？', '2026-06-04 18:42:00'),
(29, '最近在看《三体》，真的太震撼了', '2026-06-25 01:35:00'),
(56, '买了一盆多肉放在宿舍窗台', '2026-06-03 02:04:00'),
(5, '今天的篮球赛太精彩了', '2026-06-15 19:04:00'),
(85, '分享考研经验：坚持就是胜利', '2026-05-19 21:40:00'),
(32, '终于把论文初稿写完了！', '2026-06-11 18:20:00'),
(41, '分享考研经验：坚持就是胜利', '2026-07-03 05:29:00'),
(89, '分享考研经验：坚持就是胜利', '2026-07-02 02:16:00'),
(76, '今天的篮球赛太精彩了', '2026-06-17 14:26:00'),
(51, '学校快递站队伍排到门口了', '2026-07-25 07:21:00'),
(10, '下周要交课程设计了，肝起来', '2026-06-15 08:22:00'),
(67, '周末打算去爬山，有没有一起的？', '2026-07-18 18:08:00'),
(55, '周末约了朋友去吃火锅，期待～', '2026-07-24 14:24:00'),
(84, '有人知道学校心理中心在哪里吗', '2026-06-19 02:17:00'),
(1, '想问下有没有人出二手教材？', '2026-05-04 15:57:00'),
(91, '周末打算去爬山，有没有一起的？', '2026-06-01 10:28:00'),
(19, '推荐一个学习网站，对编程很有帮助', '2026-06-24 10:00:00'),
(53, '有没有人知道学校附近的打印店几点开门？', '2026-07-26 08:52:00'),
(79, '终于把论文初稿写完了！', '2026-06-09 12:30:00'),
(4, '新入手了一台相机，拍照技术有待提高', '2026-06-24 16:10:00'),
(97, '周末打算去爬山，有没有一起的？', '2026-05-20 16:22:00'),
(4, '实验室待到凌晨才回宿舍，科研狗的日常', '2026-06-01 10:56:00'),
(15, '求推荐一款好用的笔记软件', '2026-06-19 07:02:00'),
(65, '学校游泳馆人太多了，得早点去', '2026-06-26 14:51:00'),
(74, '操场今晚有露天电影诶', '2026-05-07 10:03:00'),
(2, '想问下有没有人出二手教材？', '2026-05-16 13:36:00'),
(8, '想问下有没有人出二手教材？', '2026-05-20 22:17:00'),
(89, '学校游泳馆人太多了，得早点去', '2026-07-08 18:41:00'),
(28, '校园网又崩了...', '2026-07-27 11:26:00'),
(9, '今天的篮球赛太精彩了', '2026-05-20 18:18:00'),
(13, '操场今晚有露天电影诶', '2026-06-24 06:53:00'),
(34, '买了一盆多肉放在宿舍窗台', '2026-05-25 08:00:00'),
(13, '周末打算去爬山，有没有一起的？', '2026-05-07 20:39:00'),
(61, '分享一组今天拍的校园风景照', '2026-07-12 13:09:00'),
(45, '食堂今天的麻辣烫太赞了', '2026-05-09 14:57:00'),
(32, '分享一组今天拍的校园风景照', '2026-06-11 15:45:00'),
(49, '操场今晚有露天电影诶', '2026-05-10 21:15:00'),
(64, '校园里的猫又生了一窝小猫咪', '2026-06-10 04:37:00'),
(53, '求推荐一款好用的笔记软件', '2026-06-17 04:01:00'),
(93, '食堂今天的麻辣烫太赞了', '2026-06-26 08:31:00'),
(77, '有人一起去图书馆自习吗？', '2026-06-19 14:12:00'),
(90, '今天的篮球赛太精彩了', '2026-06-19 16:18:00'),
(24, '刚学了做红烧肉，成品还不错', '2026-05-09 22:24:00'),
(67, '趁年轻多尝试，别怕失败', '2026-06-07 10:01:00'),
(61, '导师今天夸了我，开心一整天', '2026-05-28 07:07:00'),
(33, '期末考试复习中，加油加油！', '2026-05-19 19:45:00'),
(49, '哪位同学捡到一个蓝色U盘？里面有重要文件', '2026-06-24 15:49:00'),
(70, '篮球场约球，3缺2，来的私聊', '2026-05-16 03:29:00'),
(96, '下周要交课程设计了，肝起来', '2026-07-01 17:12:00'),
(51, '哪位同学捡到一个蓝色U盘？里面有重要文件', '2026-05-11 15:45:00'),
(50, '趁年轻多尝试，别怕失败', '2026-05-16 18:37:00'),
(36, '参加了一个超有意思的讲座，受益匪浅', '2026-07-19 19:21:00'),
(85, '买了一盆多肉放在宿舍窗台', '2026-07-20 17:10:00'),
(50, '实验室待到凌晨才回宿舍，科研狗的日常', '2026-07-16 13:59:00'),
(93, '实习第一天，紧张又兴奋', '2026-06-28 23:34:00'),
(91, '分享一组今天拍的校园风景照', '2026-07-04 14:12:00'),
(1, '深夜食堂泡面配火腿肠，满足', '2026-07-28 18:04:00'),
(57, '哪位同学捡到一个蓝色U盘？里面有重要文件', '2026-07-20 07:28:00'),
(37, '有没有人知道学校附近的打印店几点开门？', '2026-06-25 10:20:00'),
(23, '分享考研经验：坚持就是胜利', '2026-05-03 02:54:00'),
(81, '有人一起去图书馆自习吗？', '2026-05-06 04:38:00'),
(57, '刚学了做红烧肉，成品还不错', '2026-06-07 19:05:00'),
(24, '期末考试复习中，加油加油！', '2026-07-26 21:49:00'),
(23, '实验室待到凌晨才回宿舍，科研狗的日常', '2026-06-05 05:56:00'),
(15, '今天天气真好，校园里的樱花开了～', '2026-05-08 09:25:00'),
(79, '哪位同学捡到一个蓝色U盘？里面有重要文件', '2026-06-25 07:01:00'),
(61, '有没有人想一起组队参加数学建模？', '2026-05-10 23:12:00'),
(81, '周末打算去爬山，有没有一起的？', '2026-07-08 19:45:00'),
(41, '学校快递站队伍排到门口了', '2026-05-20 06:21:00'),
(89, '分享一首最近单曲循环的歌《起风了》', '2026-06-28 12:42:00'),
(100, '分享一组今天拍的校园风景照', '2026-07-08 03:16:00'),
(3, '期末考试复习中，加油加油！', '2026-06-04 04:18:00'),
(30, '健身房新换了一批器材，好评', '2026-06-27 11:06:00'),
(21, '有没有人知道学校附近的打印店几点开门？', '2026-06-23 15:48:00'),
(24, '有没有人知道学校附近的打印店几点开门？', '2026-05-25 08:39:00'),
(99, '有没有人想一起组队参加数学建模？', '2026-05-26 05:11:00'),
(78, '刚看完一场超棒的电影，推荐给大家！', '2026-06-13 11:38:00'),
(48, '求推荐一款好用的笔记软件', '2026-05-19 02:21:00'),
(52, '实验室待到凌晨才回宿舍，科研狗的日常', '2026-05-11 23:08:00'),
(64, '健身房新换了一批器材，好评', '2026-06-06 12:12:00'),
(39, '求推荐一款好用的笔记软件', '2026-06-20 21:25:00'),
(90, '校园网又崩了...', '2026-06-09 15:35:00'),
(16, '有没有人知道学校附近的打印店几点开门？', '2026-05-26 19:49:00'),
(34, '哪位同学捡到一个蓝色U盘？里面有重要文件', '2026-05-26 19:51:00'),
(83, '终于把论文初稿写完了！', '2026-05-28 19:20:00'),
(41, '有人一起去图书馆自习吗？', '2026-06-23 09:53:00'),
(59, '推荐一个学习网站，对编程很有帮助', '2026-05-01 10:41:00'),
(70, '有没有人想一起组队参加数学建模？', '2026-05-11 20:12:00'),
(15, '终于把论文初稿写完了！', '2026-06-27 19:05:00'),
(54, '今天的晚霞特别美，可惜手机拍不出来', '2026-05-11 22:37:00'),
(88, '今天跑了5公里，感觉状态不错', '2026-07-08 13:07:00'),
(54, '篮球场约球，3缺2，来的私聊', '2026-05-18 16:11:00'),
(48, '求推荐一款好用的笔记软件', '2026-05-21 13:17:00'),
(32, '学校游泳馆人太多了，得早点去', '2026-06-19 06:11:00'),
(50, '哪位同学捡到一个蓝色U盘？里面有重要文件', '2026-07-22 05:36:00'),
(100, '今天天气真好，校园里的樱花开了～', '2026-07-08 14:46:00'),
(45, '学校游泳馆人太多了，得早点去', '2026-05-05 06:46:00'),
(18, '操场今晚有露天电影诶', '2026-05-07 00:48:00'),
(79, '哪位同学捡到一个蓝色U盘？里面有重要文件', '2026-06-26 09:38:00'),
(92, '校园网又崩了...', '2026-06-19 05:47:00'),
(86, '有人一起去图书馆自习吗？', '2026-06-09 16:58:00'),
(55, '有人知道学校心理中心在哪里吗', '2026-05-20 00:13:00'),
(36, '有没有人想一起组队参加数学建模？', '2026-05-03 20:35:00'),
(43, '校园里的猫又生了一窝小猫咪', '2026-06-10 17:32:00'),
(24, '求推荐一款好用的笔记软件', '2026-06-28 23:02:00'),
(91, '分享一首最近单曲循环的歌《起风了》', '2026-06-17 10:44:00'),
(88, '参加了一个超有意思的讲座，受益匪浅', '2026-06-11 22:23:00'),
(64, '趁年轻多尝试，别怕失败', '2026-07-28 02:35:00'),
(55, '分享考研经验：坚持就是胜利', '2026-07-01 22:01:00'),
(91, '最近在看《三体》，真的太震撼了', '2026-05-12 00:59:00'),
(28, '今天的晚霞特别美，可惜手机拍不出来', '2026-07-13 17:54:00'),
(52, '今天跑了5公里，感觉状态不错', '2026-06-03 11:40:00'),
(32, '今天的晚霞特别美，可惜手机拍不出来', '2026-05-25 09:33:00'),
(83, '篮球场约球，3缺2，来的私聊', '2026-05-15 20:03:00'),
(13, '导师今天夸了我，开心一整天', '2026-06-26 04:09:00'),
(40, '新入手了一台相机，拍照技术有待提高', '2026-06-19 12:54:00'),
(82, '刚学了做红烧肉，成品还不错', '2026-06-25 04:59:00'),
(83, '校园网又崩了...', '2026-07-25 15:39:00'),
(33, '刚学了做红烧肉，成品还不错', '2026-05-18 07:01:00'),
(7, '操场今晚有露天电影诶', '2026-05-26 12:43:00'),
(14, '有人一起去图书馆自习吗？', '2026-05-27 09:48:00'),
(75, '下周要交课程设计了，肝起来', '2026-05-24 06:21:00'),
(78, '校园网又崩了...', '2026-07-07 16:42:00'),
(9, '新入手了一台相机，拍照技术有待提高', '2026-07-22 10:04:00'),
(35, '想问下有没有人出二手教材？', '2026-05-08 01:50:00'),
(21, '今天的晚霞特别美，可惜手机拍不出来', '2026-07-24 09:00:00'),
(19, '校园里的猫又生了一窝小猫咪', '2026-07-19 16:11:00'),
(11, '实习第一天，紧张又兴奋', '2026-06-23 12:57:00'),
(43, '篮球场约球，3缺2，来的私聊', '2026-05-09 14:40:00'),
(86, '导师今天夸了我，开心一整天', '2026-06-21 00:46:00'),
(46, '期末考试复习中，加油加油！', '2026-06-06 00:00:00'),
(13, '参加了一个超有意思的讲座，受益匪浅', '2026-07-14 22:35:00'),
(74, '实验室待到凌晨才回宿舍，科研狗的日常', '2026-05-16 12:15:00'),
(86, '学校游泳馆人太多了，得早点去', '2026-05-22 22:11:00'),
(76, '期末考试复习中，加油加油！', '2026-06-14 10:05:00'),
(24, '食堂今天的麻辣烫太赞了', '2026-07-12 00:48:00'),
(70, '学校游泳馆人太多了，得早点去', '2026-05-01 13:17:00'),
(15, '新入手了一台相机，拍照技术有待提高', '2026-07-02 09:29:00'),
(15, '校园里的猫又生了一窝小猫咪', '2026-05-14 06:24:00'),
(57, '学校快递站队伍排到门口了', '2026-05-12 18:36:00'),
(47, '趁年轻多尝试，别怕失败', '2026-06-21 04:11:00'),
(12, '校园里的猫又生了一窝小猫咪', '2026-05-23 01:20:00'),
(60, '学校游泳馆人太多了，得早点去', '2026-06-04 10:09:00'),
(24, '推荐一个学习网站，对编程很有帮助', '2026-07-14 10:50:00'),
(63, '期末考试复习中，加油加油！', '2026-06-07 17:20:00'),
(91, '食堂今天的麻辣烫太赞了', '2026-07-25 03:03:00'),
(6, '今天天气真好，校园里的樱花开了～', '2026-07-24 20:58:00'),
(85, '学校游泳馆人太多了，得早点去', '2026-06-15 17:06:00'),
(80, '今天天气真好，校园里的樱花开了～', '2026-07-07 14:41:00'),
(23, '学校游泳馆人太多了，得早点去', '2026-05-15 10:36:00'),
(67, '校园里的猫又生了一窝小猫咪', '2026-06-05 19:50:00'),
(3, '哪位同学捡到一个蓝色U盘？里面有重要文件', '2026-05-17 03:20:00'),
(2, '哪位同学捡到一个蓝色U盘？里面有重要文件', '2026-05-07 02:29:00'),
(30, '操场今晚有露天电影诶', '2026-06-20 10:02:00'),
(16, '导师今天夸了我，开心一整天', '2026-05-23 09:40:00'),
(55, '推荐一个学习网站，对编程很有帮助', '2026-06-19 18:46:00'),
(60, '深夜食堂泡面配火腿肠，满足', '2026-07-03 05:20:00'),
(37, '有没有人想一起组队参加数学建模？', '2026-05-11 18:17:00'),
(76, '学校游泳馆人太多了，得早点去', '2026-06-02 06:25:00'),
(62, '实验室待到凌晨才回宿舍，科研狗的日常', '2026-06-25 08:40:00');

-- 随机关注关系
INSERT INTO `user_follow` (`follower_id`, `followee_id`) VALUES
(72, 94),
(91, 57),
(24, 57),
(70, 94),
(97, 67),
(36, 15),
(90, 4),
(45, 48),
(67, 64),
(2, 77),
(70, 30),
(20, 100),
(25, 37),
(44, 23),
(85, 78),
(69, 31),
(28, 45),
(41, 64),
(85, 9),
(52, 75),
(68, 25),
(82, 80),
(53, 89),
(5, 8),
(56, 75),
(26, 29),
(29, 86),
(52, 77),
(94, 58),
(64, 93),
(23, 1),
(8, 69),
(55, 99),
(67, 29),
(43, 42),
(95, 7),
(55, 82),
(12, 1),
(79, 83),
(15, 33),
(72, 22),
(4, 19),
(34, 93),
(54, 35),
(8, 26),
(75, 11),
(84, 20),
(54, 78),
(8, 99),
(42, 76),
(60, 90),
(11, 43),
(7, 15),
(42, 20),
(90, 70),
(46, 61),
(11, 18),
(14, 53),
(2, 67),
(7, 95),
(36, 8),
(9, 76),
(9, 62),
(38, 10),
(83, 38),
(29, 10),
(17, 20),
(62, 68),
(65, 88),
(32, 29),
(21, 76),
(17, 52),
(1, 13),
(86, 11),
(66, 14),
(17, 34),
(34, 66),
(11, 99),
(70, 32),
(41, 53),
(89, 25),
(81, 93),
(32, 59),
(44, 87),
(99, 28),
(64, 87),
(90, 65),
(81, 18),
(97, 27),
(48, 15),
(77, 55),
(33, 83),
(56, 76),
(36, 83),
(56, 44),
(42, 15),
(60, 47),
(50, 62),
(7, 33),
(2, 54),
(30, 10),
(26, 57),
(72, 7),
(79, 86),
(49, 32),
(76, 54),
(97, 73),
(55, 19),
(14, 68),
(10, 51),
(30, 12),
(89, 45),
(50, 81),
(82, 12),
(85, 41),
(9, 45),
(73, 96),
(49, 17),
(59, 27),
(15, 32),
(60, 84),
(6, 26),
(37, 2),
(9, 3),
(51, 94),
(46, 72),
(19, 94),
(77, 48),
(6, 25),
(51, 4),
(63, 65),
(5, 71),
(25, 56),
(27, 11),
(53, 98),
(6, 80),
(75, 13),
(39, 9),
(19, 45),
(82, 100),
(43, 55),
(8, 82),
(99, 36),
(67, 96),
(88, 14),
(7, 62),
(68, 16),
(32, 97),
(57, 73),
(16, 38),
(9, 20),
(66, 45),
(96, 93),
(7, 13),
(51, 23),
(19, 63),
(58, 43),
(26, 6),
(36, 40),
(72, 93),
(14, 19),
(59, 80),
(30, 89),
(1, 82),
(13, 55),
(20, 71),
(6, 64),
(93, 55),
(60, 36),
(15, 73),
(61, 55),
(59, 81),
(23, 4),
(75, 70),
(73, 42),
(41, 57),
(81, 56),
(79, 14),
(53, 99),
(97, 100),
(37, 81),
(50, 61),
(58, 20),
(35, 53),
(87, 31),
(88, 32),
(37, 90),
(67, 91),
(98, 81),
(38, 76),
(60, 14),
(70, 90),
(31, 21),
(55, 41),
(89, 52),
(81, 57),
(12, 21),
(4, 1),
(50, 39),
(41, 34),
(22, 30),
(67, 84),
(46, 62),
(43, 3),
(64, 28),
(27, 45),
(93, 45),
(13, 27),
(60, 13),
(48, 2),
(83, 89),
(23, 43),
(75, 88),
(4, 13),
(26, 14),
(46, 12),
(58, 33),
(9, 12),
(99, 53),
(71, 55),
(30, 73),
(36, 69),
(95, 80),
(33, 24),
(49, 16),
(38, 54),
(87, 62),
(45, 30),
(99, 71),
(79, 75),
(89, 91),
(4, 83),
(18, 2),
(69, 39),
(79, 3),
(38, 68),
(70, 79),
(21, 28),
(63, 46),
(2, 100),
(100, 86),
(19, 9),
(66, 68),
(36, 64),
(71, 59),
(77, 72),
(82, 29),
(58, 22),
(59, 56),
(42, 61),
(35, 28),
(23, 9),
(45, 46),
(90, 51),
(51, 18),
(22, 85),
(28, 74),
(32, 73),
(23, 87),
(49, 70),
(83, 4),
(72, 11),
(99, 85),
(56, 85),
(45, 54),
(8, 9),
(18, 17),
(33, 69),
(65, 37),
(71, 63),
(16, 2),
(78, 54),
(24, 20),
(20, 41),
(96, 2),
(17, 5),
(55, 94),
(92, 20),
(55, 95),
(61, 3),
(64, 19),
(64, 62),
(52, 54),
(100, 93),
(29, 52),
(70, 96),
(58, 98),
(28, 85),
(97, 10),
(97, 6),
(27, 48),
(58, 27),
(94, 25),
(21, 23),
(71, 5);

-- 随机点赞数据
INSERT INTO `note_like` (`note_id`, `user_id`) VALUES
(92, 92),
(163, 52),
(2, 22),
(20, 15),
(136, 56),
(41, 27),
(1, 5),
(198, 88),
(139, 41),
(131, 26),
(151, 99),
(172, 59),
(158, 34),
(188, 9),
(108, 87),
(163, 9),
(101, 8),
(157, 71),
(77, 43),
(154, 9),
(21, 34),
(39, 44),
(186, 65),
(157, 27),
(32, 35),
(38, 87),
(125, 4),
(130, 29),
(60, 72),
(149, 56),
(42, 27),
(162, 12),
(58, 43),
(73, 14),
(136, 61),
(163, 85),
(98, 29),
(138, 58),
(46, 83),
(31, 24),
(181, 27),
(109, 49),
(11, 4),
(151, 14),
(136, 22),
(88, 99),
(116, 19),
(37, 47),
(18, 9),
(5, 68),
(77, 89),
(104, 61),
(24, 81),
(43, 71),
(144, 21),
(146, 73),
(194, 35),
(49, 77),
(19, 53),
(141, 71),
(17, 75),
(59, 25),
(3, 53),
(173, 8),
(65, 65),
(95, 11),
(68, 20),
(72, 17),
(79, 92),
(117, 58),
(183, 36),
(45, 58),
(63, 3),
(178, 38),
(124, 22),
(25, 39),
(54, 98),
(82, 64),
(64, 90),
(144, 74),
(36, 73),
(190, 60),
(53, 51),
(147, 99),
(139, 76),
(21, 6),
(195, 18),
(40, 97),
(148, 54),
(104, 66),
(103, 6),
(138, 88),
(198, 41),
(198, 48),
(10, 80),
(59, 41),
(139, 29),
(129, 17),
(92, 67),
(84, 35),
(181, 56),
(131, 29),
(135, 32),
(178, 81),
(2, 65),
(99, 31),
(6, 52),
(11, 13),
(81, 58),
(115, 79),
(37, 49),
(145, 50),
(46, 91),
(89, 46),
(114, 38),
(62, 24),
(35, 90),
(1, 81),
(83, 91),
(143, 73),
(44, 91),
(171, 61),
(106, 14),
(153, 49),
(1, 68),
(25, 74),
(172, 1),
(60, 74),
(49, 13),
(6, 60),
(158, 68),
(19, 48),
(177, 100),
(25, 84),
(37, 88),
(186, 20),
(87, 65),
(182, 3),
(54, 91),
(127, 98),
(29, 71),
(11, 85),
(17, 52),
(59, 84),
(1, 58),
(65, 29),
(104, 90),
(109, 85),
(195, 86),
(129, 31),
(141, 23),
(106, 58),
(162, 57),
(147, 44),
(151, 20),
(187, 19),
(199, 81),
(101, 24),
(186, 68),
(40, 26),
(131, 89),
(49, 35),
(132, 34),
(19, 10),
(56, 86),
(172, 43),
(62, 48),
(89, 44),
(96, 66),
(177, 13),
(21, 43),
(150, 46),
(159, 95),
(42, 83),
(8, 2),
(167, 72),
(31, 86),
(31, 72),
(100, 81),
(104, 12),
(180, 83),
(160, 42),
(18, 69),
(95, 40),
(28, 46),
(191, 30),
(44, 19),
(90, 49),
(67, 51),
(186, 90),
(56, 3),
(101, 85),
(48, 95),
(200, 36),
(70, 80),
(78, 46),
(51, 99),
(51, 66),
(108, 63),
(116, 14),
(94, 1),
(97, 46),
(35, 51),
(52, 13),
(53, 69),
(146, 43),
(187, 88),
(47, 23),
(86, 48),
(138, 93),
(91, 92),
(187, 58),
(127, 28),
(105, 65),
(127, 44),
(145, 95),
(9, 42),
(187, 87),
(179, 1),
(127, 31),
(117, 89),
(6, 70),
(20, 59),
(112, 10),
(24, 60),
(100, 14),
(92, 44),
(131, 58),
(54, 73),
(28, 98),
(47, 46),
(131, 6),
(27, 63),
(49, 99),
(99, 50),
(35, 80),
(23, 34),
(92, 55),
(60, 90),
(71, 20),
(182, 39),
(138, 74),
(111, 81),
(32, 57),
(183, 13),
(61, 86),
(122, 68),
(146, 57),
(13, 48),
(127, 71),
(179, 20),
(164, 82),
(135, 88),
(46, 88),
(194, 58),
(7, 69),
(168, 86),
(69, 84),
(115, 7),
(118, 55),
(8, 33),
(200, 91),
(119, 47),
(68, 84),
(44, 84),
(98, 11),
(67, 62),
(33, 20),
(45, 72),
(192, 40),
(82, 78),
(147, 58),
(154, 47),
(193, 8),
(192, 88),
(116, 24),
(123, 3),
(144, 66),
(19, 41),
(117, 79),
(97, 18),
(53, 57),
(7, 58),
(79, 64),
(109, 20),
(137, 9),
(28, 13),
(181, 62),
(102, 5),
(82, 8),
(93, 90),
(64, 67),
(67, 90),
(16, 52),
(111, 96),
(198, 32),
(43, 89),
(4, 35),
(45, 25),
(179, 41),
(104, 62),
(107, 69),
(181, 57),
(83, 67),
(39, 92),
(101, 74),
(186, 73),
(80, 6),
(114, 91),
(103, 16),
(1, 83),
(192, 6),
(151, 18),
(199, 9),
(31, 96),
(49, 72),
(36, 47),
(170, 95),
(54, 95),
(183, 9),
(115, 60),
(87, 69),
(31, 61),
(154, 99),
(117, 50),
(17, 49),
(93, 47),
(2, 32),
(76, 55),
(127, 49),
(146, 37),
(186, 17),
(49, 17),
(73, 40),
(39, 70),
(188, 50),
(87, 98),
(75, 83),
(89, 82),
(59, 74),
(175, 46),
(11, 57),
(101, 80),
(175, 40),
(98, 27),
(74, 7),
(146, 60),
(14, 11),
(153, 2),
(52, 55),
(127, 36),
(106, 49),
(144, 18),
(146, 69),
(151, 10),
(98, 98),
(179, 8),
(54, 70),
(8, 54),
(2, 90),
(46, 44),
(28, 94),
(72, 87),
(15, 52),
(190, 29),
(22, 95),
(153, 32),
(96, 9),
(158, 90),
(164, 97),
(3, 75),
(176, 90),
(182, 25),
(111, 79),
(37, 14),
(145, 92),
(71, 7),
(82, 36),
(177, 42),
(99, 88),
(168, 11),
(125, 47),
(99, 15),
(58, 56),
(151, 75),
(20, 40),
(125, 12),
(56, 12),
(157, 81),
(110, 44),
(173, 34),
(186, 2),
(135, 99),
(136, 95),
(23, 57),
(56, 8),
(180, 48),
(141, 20),
(159, 18),
(191, 17),
(133, 13),
(124, 85),
(192, 18),
(36, 9),
(25, 12),
(106, 67),
(101, 16),
(58, 13),
(196, 26),
(17, 81),
(97, 27),
(98, 10),
(157, 70),
(6, 50),
(191, 51),
(5, 32),
(166, 46),
(138, 78),
(36, 82),
(135, 49),
(62, 8),
(1, 74),
(107, 47),
(129, 8),
(187, 23),
(1, 76),
(84, 80),
(151, 45),
(15, 5),
(64, 71),
(140, 52),
(178, 91),
(37, 25),
(46, 4),
(156, 30),
(143, 90),
(15, 79),
(147, 70),
(196, 92),
(3, 32),
(7, 91),
(26, 98),
(69, 91),
(116, 81),
(158, 45),
(136, 66),
(56, 20),
(183, 52),
(163, 1),
(1, 78),
(179, 62),
(95, 66),
(60, 50),
(30, 15),
(169, 49),
(18, 71),
(102, 62),
(176, 15),
(135, 26),
(71, 66),
(114, 62),
(134, 56),
(57, 26),
(28, 45),
(94, 68),
(189, 4),
(119, 43),
(133, 79),
(63, 94),
(176, 97),
(198, 69),
(3, 94),
(63, 27),
(118, 33),
(79, 17),
(8, 41),
(28, 37),
(5, 18),
(186, 54),
(91, 89),
(88, 7),
(4, 94),
(55, 9),
(89, 1),
(200, 10),
(46, 98),
(64, 7),
(118, 99),
(126, 37),
(28, 81),
(166, 24),
(160, 55),
(10, 13),
(156, 26),
(113, 42),
(49, 14);